id,web_name,photo,team_name,team_short_name,position,price,selected_by_percent,total_points,minutes,goals_scored,assists,form,points_per_game,ict_index,influence,creativity,threat,status,news,chance_of_playing_next_round,availability,opponent,home,fixture_difficulty,fixture_adjustment,base_projection,projected_points,value
427,Mbeumo,446008.jpg,Man Utd,MUN,MID,8.0,23.8,148,2611,11,3,0.0,4.5,231.4,628.8,803.1,882.0,a,,,1.0,HUL,False,,1.0,6.21507115819486,6.22,0.7775
379,Isak,219168.jpg,Liverpool,LIV,FWD,9.0,13.2,41,694,3,1,0.0,2.9,36.9,146.4,39.2,191.0,a,,,1.0,NEW,False,,1.0,6.183221163836656,6.18,0.6866666666666666
154,Palmer,244851.jpg,Chelsea,CHE,MID,9.5,11.3,114,1954,10,2,0.0,4.4,147.7,536.6,393.6,547.0,a,,,1.0,FUL,False,,1.0,5.828325127740341,5.83,0.6136842105263158
490,Wood,60689.jpg,Nott'm Forest,NFO,FWD,6.0,1.8,41,896,3,0,0.0,2.7,48.0,139.0,88.4,266.0,a,,,1.0,LEE,True,,1.0,5.659269386436438,5.66,0.9433333333333334
55,Watkins,178301.jpg,Aston Villa,AVL,FWD,8.0,12.7,167,2833,16,4,0.0,4.5,225.2,720.2,330.9,1206.0,a,,,1.0,BHA,False,,1.0,5.621356676277451,5.62,0.7025
428,Cunha,430871.jpg,Man Utd,MUN,MID,8.0,12.7,143,2493,10,4,0.0,4.3,202.5,675.8,545.4,801.0,a,,,1.0,HUL,False,,1.0,5.376468611189926,5.38,0.6725
411,Haaland,223094.jpg,Man City,MCI,FWD,15.5,73.7,239,2953,27,8,0.0,6.8,302.3,1180.4,320.1,1520.0,a,,,1.0,BOU,True,,1.0,5.325372420098184,5.33,0.3438709677419355
464,Wissa,216646.jpg,Newcastle,NEW,FWD,6.0,1.7,27,517,1,1,0.0,1.4,25.5,58.0,46.7,163.0,a,,,1.0,LIV,True,,1.0,5.267874334967489,5.27,0.8783333333333333
457,J.Murphy,114243.jpg,Newcastle,NEW,MID,6.0,0.2,82,1606,3,2,0.0,2.5,106.0,330.8,393.7,346.0,a,,,1.0,LIV,True,,1.0,5.04125815640121,5.04,0.84
70,Kluivert,222683.jpg,Bournemouth,BOU,MID,6.0,1.1,41,945,2,0,0.0,2.0,58.8,148.0,305.1,135.0,a,,,1.0,MCI,False,,1.0,5.02772404231786,5.03,0.8383333333333334
426,B.Fernandes,141746.jpg,Man Utd,MUN,MID,12.0,48.3,235,3065,9,24,0.0,6.7,381.4,1258.0,1938.5,614.0,a,,,1.0,HUL,False,,1.0,4.875184427113209,4.88,0.4066666666666667
271,Muniz,244042.jpg,Fulham,FUL,FWD,5.5,0.7,36,987,1,1,0.0,1.7,47.3,113.2,93.2,287.0,a,,,1.0,CHE,True,,1.0,4.855827944983141,4.86,0.8836363636363637
515,Maddison,172780.jpg,Spurs,TOT,MID,6.5,1.8,3,34,0,0,0.0,1.0,2.8,2.8,9.5,15.0,a,,,1.0,BRE,False,,1.0,4.825757737722716,4.83,0.7430769230769231
94,Schade,513418.jpg,Brentford,BRE,MID,6.0,2.0,125,2744,8,5,0.0,3.6,172.8,536.8,380.1,821.0,a,,,1.0,TOT,True,,1.0,4.801236313706982,4.8,0.7999999999999999
453,Barnes,201666.jpg,Newcastle,NEW,MID,6.0,1.2,106,1951,7,1,0.0,2.9,147.0,404.0,387.5,682.0,a,,,1.0,LIV,True,,1.0,4.787961934890672,4.79,0.7983333333333333
12,Saka,223340.jpg,Arsenal,ARS,MID,9.5,10.7,157,2218,7,10,0.0,5.1,230.6,627.0,847.6,828.0,a,,,1.0,COV,True,,1.0,4.7072205456723815,4.71,0.4957894736842105
454,Elanga,449434.jpg,Newcastle,NEW,MID,6.0,0.7,48,1302,0,1,0.0,1.5,57.8,130.4,266.7,185.0,a,,,1.0,LIV,True,,1.0,4.713012555487004,4.71,0.785
431,Amad,493250.jpg,Man Utd,MUN,MID,6.0,1.7,91,2339,2,5,0.0,2.8,163.5,436.6,596.1,600.0,a,,,1.0,HUL,False,,1.0,4.556916415347175,4.56,0.7599999999999999
209,Johnson,242898.jpg,Crystal Palace,CRY,MID,6.0,0.2,65,1710,2,1,0.0,1.9,75.8,223.4,311.1,230.0,a,,,1.0,EVE,False,,1.0,4.525015923679625,4.53,0.755
397,Semenyo,437730.jpg,Man City,MCI,MID,8.5,26.2,202,3200,17,6,0.0,5.5,257.7,923.2,607.4,1047.0,a,,,1.0,BOU,True,,1.0,4.487482178421835,4.49,0.5282352941176471
223,Mateta,231747.jpg,Crystal Palace,CRY,FWD,6.5,6.6,114,2210,12,0,0.0,3.6,150.8,567.2,160.6,786.0,a,,,1.0,EVE,False,,1.0,4.491116375674603,4.49,0.6907692307692308
14,Eze,232413.jpg,Arsenal,ARS,MID,6.5,3.1,113,1885,7,3,0.0,3.4,115.1,393.4,305.7,455.0,a,,,1.0,COV,True,,1.0,4.4772261926936165,4.48,0.6892307692307693
480,Gibbs-White,222531.jpg,Nott'm Forest,NFO,MID,8.0,11.6,188,3101,15,4,0.0,5.1,242.5,843.8,747.7,836.0,a,,,1.0,LEE,True,,1.0,4.474106770225691,4.47,0.55875
367,Gakpo,243298.jpg,Liverpool,LIV,MID,7.0,3.4,131,2736,7,5,0.0,3.6,208.4,540.4,714.7,831.0,a,,,1.0,NEW,False,,1.0,4.459328795286808,4.46,0.6371428571428571
40,Rogers,244850.jpg,Chelsea,CHE,MID,7.5,27.1,169,3280,10,8,0.0,4.6,232.0,746.2,706.2,871.0,a,,,1.0,FUL,False,,1.0,4.439420743136981,4.44,0.5920000000000001
208,Sarr,232185.jpg,Crystal Palace,CRY,MID,6.5,8.2,117,2173,9,2,0.0,4.2,135.1,479.8,269.4,601.0,a,,,1.0,EVE,False,,1.0,4.406475855414974,4.41,0.6784615384615384
368,Szoboszlai,424876.jpg,Liverpool,LIV,MID,7.0,44.1,160,3232,6,7,0.0,4.4,260.9,867.8,1324.6,417.0,a,,,1.0,NEW,False,,1.0,4.414711190038822,4.41,0.63
165,João Pedro,475168.jpg,Chelsea,CHE,FWD,7.5,55.7,177,2658,15,9,0.0,5.1,212.1,758.4,456.6,909.0,a,,,1.0,FUL,False,,1.0,4.39570545298281,4.4,0.5866666666666667
261,Iwobi,153133.jpg,Fulham,FUL,MID,5.5,0.9,103,2420,4,3,0.0,3.6,159.4,511.2,739.4,343.0,a,,,1.0,CHE,True,,1.0,4.397168080796504,4.4,0.8
222,Strand Larsen,247412.jpg,Crystal Palace,CRY,FWD,6.0,0.6,75,2301,4,1,0.0,2.1,91.5,265.2,203.1,469.0,a,,,1.0,EVE,False,,1.0,4.387319316982583,4.39,0.7316666666666666
435,Lacey,576628.jpg,Man Utd,MUN,MID,5.0,0.1,3,40,0,0,0.0,1.0,1.7,4.0,2.1,16.0,a,,,1.0,HUL,False,,1.0,4.2,4.2,0.8400000000000001
164,Quenda,593117.jpg,Chelsea,CHE,MID,5.5,0.1,0,0,0,0,0.0,0.0,0.0,0.0,0.0,0.0,a,,100.0,1.0,FUL,False,,1.0,4.2,4.2,0.7636363636363637
163,D.Essugo,491007.jpg,Chelsea,CHE,MID,4.5,0.2,1,26,0,0,0.0,0.3,1.6,11.4,2.1,2.0,a,,,1.0,FUL,False,,1.0,4.2,4.2,0.9333333333333333
134,Oriola,556637.jpg,Brighton,BHA,MID,4.5,0.2,1,1,0,0,0.0,1.0,0.0,0.0,0.0,0.0,a,,,1.0,AVL,True,,1.0,4.2,4.2,0.9333333333333333
246,Röhl,513466.jpg,Everton,EVE,MID,5.0,0.1,36,675,1,1,0.0,2.2,26.3,113.0,87.4,62.0,a,,,1.0,CRY,True,,1.0,4.2,4.2,0.8400000000000001
247,Hackney,244860.jpg,Everton,EVE,MID,5.5,0.3,0,0,0,0,0.0,0.0,0.0,0.0,0.0,0.0,a,,,1.0,CRY,True,,1.0,4.2,4.2,0.7636363636363637
158,Gittens,463936.jpg,Chelsea,CHE,MID,6.0,0.1,25,486,0,2,0.0,1.6,31.3,93.0,130.4,91.0,a,,,1.0,FUL,False,,1.0,4.2,4.2,0.7000000000000001
405,N.Gonzalez,465694.jpg,Man City,MCI,MID,5.5,0.1,63,1561,1,0,0.0,2.5,61.5,309.8,234.1,72.0,a,,,1.0,BOU,True,,1.0,4.2,4.2,0.7636363636363637
404,Reijnders,433036.jpg,Man City,MCI,MID,6.0,0.4,92,1623,5,3,0.0,3.3,111.2,340.0,347.8,435.0,a,,,1.0,BOU,True,,1.0,4.2,4.2,0.7000000000000001
403,Savinho,510281.jpg,Man City,MCI,MID,6.5,0.1,43,817,1,2,0.0,1.8,65.8,138.6,198.4,321.0,a,,,1.0,BOU,True,,1.0,4.2,4.2,0.6461538461538462
263,Kevin,560552.jpg,Fulham,FUL,MID,5.5,0.1,49,1030,1,3,0.0,1.9,70.4,216.0,246.6,243.0,a,,,1.0,CHE,True,,1.0,4.2,4.2,0.7636363636363637
77,Adli,489888.jpg,Bournemouth,BOU,MID,5.0,0.2,67,1074,3,2,0.0,2.2,76.1,272.6,235.9,260.0,a,,,1.0,MCI,False,,1.0,4.2,4.2,0.8400000000000001
76,Tóth.A,614574.jpg,Bournemouth,BOU,MID,5.0,0.0,8,135,0,0,0.0,0.9,9.6,18.6,60.2,18.0,a,,,1.0,MCI,False,,1.0,4.2,4.2,0.8400000000000001
399,Cherki,466052.jpg,Man City,MCI,MID,7.5,9.0,135,1772,4,13,0.0,4.1,218.1,604.2,996.6,579.0,a,,,1.0,BOU,True,,1.0,4.2,4.2,0.56
157,Estêvão,624773.jpg,Chelsea,CHE,MID,6.5,1.7,58,839,2,5,0.0,2.6,72.6,183.4,230.9,314.0,a,,,1.0,FUL,False,,1.0,4.2,4.2,0.6461538461538462
409,Mukasa,590039.jpg,Man City,MCI,MID,4.5,0.1,2,25,0,0,0.0,1.0,3.7,4.2,28.3,4.0,a,,,1.0,BOU,True,,1.0,4.2,4.2,0.9333333333333333
211,Yeremy,488024.jpg,Crystal Palace,CRY,MID,5.5,0.2,77,2074,2,2,0.0,2.3,141.4,325.8,718.4,371.0,a,,,1.0,EVE,False,,1.0,4.2,4.2,0.7636363636363637
462,Steur,636852.jpg,Newcastle,NEW,MID,5.0,0.1,0,0,0,0,0.0,0.0,0.0,0.0,0.0,0.0,a,,,1.0,LIV,True,,1.0,4.2,4.2,0.8400000000000001
221,Drakes-Thomas,672492.jpg,Crystal Palace,CRY,MID,4.5,0.1,2,7,0,0,0.0,1.0,0.3,1.4,1.0,0.0,a,,,1.0,EVE,False,,1.0,4.2,4.2,0.9333333333333333
461,Touré,611665.jpg,Newcastle,NEW,MID,6.0,0.3,0,0,0,0,0.0,0.0,0.0,0.0,0.0,0.0,a,,,1.0,LIV,True,,1.0,4.2,4.2,0.7000000000000001
343,James,200617.jpg,Leeds,LEE,MID,5.0,0.1,23,547,0,0,0.0,1.2,33.9,70.8,133.1,133.0,a,,,1.0,NFO,False,,1.0,4.2,4.2,0.8400000000000001
127,Gomez,514254.jpg,Brighton,BHA,MID,5.0,2.2,97,2117,5,1,0.0,3.0,119.0,438.2,319.7,432.0,a,,,1.0,AVL,True,,1.0,4.2,4.2,0.8400000000000001
184,Grimes,168144.jpg,Coventry City,COV,MID,5.0,0.2,0,0,0,0,0.0,0.0,0.0,0.0,0.0,0.0,a,,,1.0,ARS,False,,1.0,4.2,4.2,0.8400000000000001
185,Sakamoto,501459.jpg,Coventry City,COV,MID,5.0,0.2,0,0,0,0,0.0,0.0,0.0,0.0,0.0,0.0,a,,,1.0,ARS,False,,1.0,4.2,4.2,0.8400000000000001
186,Mason-Clark,241293.jpg,Coventry City,COV,MID,5.5,0.3,0,0,0,0,0.0,0.0,0.0,0.0,0.0,0.0,a,,,1.0,ARS,False,,1.0,4.2,4.2,0.7636363636363637
187,Eccles,439668.jpg,Coventry City,COV,MID,5.0,0.0,0,0,0,0,0.0,0.0,0.0,0.0,0.0,0.0,a,,,1.0,ARS,False,,1.0,4.2,4.2,0.8400000000000001
188,Torp,226965.jpg,Coventry City,COV,MID,5.5,0.2,0,0,0,0,0.0,0.0,0.0,0.0,0.0,0.0,a,,,1.0,ARS,False,,1.0,4.2,4.2,0.7636363636363637
483,Ndoye,456512.jpg,Nott'm Forest,NFO,MID,5.5,0.5,50,1167,1,2,0.0,2.1,56.6,166.4,217.7,180.0,a,,,1.0,LEE,True,,1.0,4.2,4.2,0.7636363636363637
189,Shepherd,684268.jpg,Coventry City,COV,MID,4.5,0.3,0,0,0,0,0.0,0.0,0.0,0.0,0.0,0.0,a,,,1.0,ARS,False,,1.0,4.2,4.2,0.9333333333333333
190,Tchaouna,469272.jpg,Coventry City,COV,MID,5.5,0.1,0,0,0,0,0.0,0.0,0.0,0.0,0.0,0.0,a,,,1.0,ARS,False,,1.0,4.2,4.2,0.7636363636363637
484,Hutchinson,503301.jpg,Nott'm Forest,NFO,MID,5.5,0.2,82,1676,1,7,0.0,2.6,121.6,333.6,527.1,356.0,a,,,1.0,LEE,True,,1.0,4.2,4.2,0.7636363636363637
191,Borges Rodrigues,492498.jpg,Coventry City,COV,MID,4.5,0.2,0,0,0,0,0.0,0.0,0.0,0.0,0.0,0.0,a,,,1.0,ARS,False,,1.0,4.2,4.2,0.9333333333333333
485,Bakwa,476887.jpg,Nott'm Forest,NFO,MID,5.5,0.0,26,549,0,2,0.0,1.9,35.6,86.4,178.8,95.0,a,,,1.0,LEE,True,,1.0,4.2,4.2,0.7636363636363637
192,Andrews,629397.jpg,Coventry City,COV,MID,4.5,0.7,0,0,0,0,0.0,0.0,0.0,0.0,0.0,0.0,a,,,1.0,ARS,False,,1.0,4.2,4.2,0.9333333333333333
565,Sangaré,513545.jpg,Brentford,BRE,MID,5.5,1.5,0,0,0,0,0.0,0.0,0.0,0.0,0.0,0.0,a,,,1.0,TOT,True,,1.0,4.2,4.2,0.7636363636363637
135,Yohanna,700308.jpg,Brighton,BHA,MID,5.0,0.1,0,0,0,0,0.0,0.0,0.0,0.0,0.0,0.0,a,,,1.0,AVL,True,,1.0,4.2,4.2,0.8400000000000001
559,Bamba,632794.jpg,Newcastle,NEW,MID,5.0,0.1,0,0,0,0,0.0,0.0,0.0,0.0,0.0,0.0,a,,,1.0,LIV,True,,1.0,4.2,4.2,0.8400000000000001
558,Schlager,204561.jpg,Nott'm Forest,NFO,MID,5.0,0.1,0,0,0,0,0.0,0.0,0.0,0.0,0.0,0.0,a,,,1.0,LEE,True,,1.0,4.2,4.2,0.8400000000000001
438,Fletcher,519913.jpg,Man Utd,MUN,MID,4.5,0.3,2,17,0,0,0.0,1.0,0.3,0.8,3.0,0.0,a,,,1.0,HUL,False,,1.0,4.2,4.2,0.9333333333333333
437,Bendito Mantato,576620.jpg,Man Utd,MUN,MID,4.5,0.2,1,15,0,0,0.0,1.0,1.4,2.2,11.7,0.0,a,,,1.0,HUL,False,,1.0,4.2,4.2,0.9333333333333333
575,Yirenkyi,661888.jpg,Coventry City,COV,MID,5.0,0.1,0,0,0,0,0.0,0.0,0.0,0.0,0.0,0.0,a,,,1.0,ARS,False,,1.0,4.2,4.2,0.8400000000000001
341,Gnonto,492859.jpg,Leeds,LEE,MID,5.0,0.1,32,521,0,3,0.0,1.4,27.5,85.2,129.3,61.0,a,,,1.0,NFO,False,,1.0,4.2,4.2,0.8400000000000001
72,Gannon-Doak,496208.jpg,Bournemouth,BOU,MID,5.0,0.1,11,105,0,1,0.0,1.4,8.9,32.4,17.8,39.0,a,,,1.0,MCI,False,,1.0,4.2,4.2,0.8400000000000001
20,Dowman,616077.jpg,Arsenal,ARS,MID,5.5,0.2,16,152,1,1,0.0,2.7,16.6,45.2,55.5,65.0,a,,,1.0,COV,True,,1.0,4.2,4.2,0.7636363636363637
576,Stroud,608227.jpg,Hull City,HUL,MID,5.0,0.0,0,0,0,0,0.0,0.0,0.0,0.0,0.0,0.0,a,,,1.0,MUN,True,,1.0,4.2,4.2,0.8400000000000001
369,Ngumoha,611922.jpg,Liverpool,LIV,MID,6.0,1.5,43,547,2,1,0.0,2.3,60.1,176.0,222.8,203.0,a,,,1.0,NEW,False,,1.0,4.2,4.2,0.7000000000000001
542,E.Le Fée,484420.jpg,Sunderland,SUN,MID,6.0,12.8,147,2930,5,6,0.0,4.1,186.9,725.8,816.4,324.0,a,,,1.0,IPS,False,,1.0,4.2,4.2,0.7000000000000001
543,Diarra,547027.jpg,Sunderland,SUN,MID,5.5,0.1,65,1403,2,6,0.0,3.2,53.9,166.2,153.8,234.0,a,,,1.0,IPS,False,,1.0,4.2,4.2,0.7636363636363637
309,Núñez,501390.jpg,Ipswich Town,IPS,MID,5.0,0.2,0,0,0,0,0.0,0.0,0.0,0.0,0.0,0.0,a,,,1.0,SUN,True,,1.0,4.2,4.2,0.8400000000000001
544,Xhaka,84450.jpg,Sunderland,SUN,MID,5.5,5.3,124,2901,1,6,0.0,3.6,138.1,685.0,595.3,101.0,a,,,1.0,IPS,False,,1.0,4.2,4.2,0.7636363636363637
545,Sadiki,577669.jpg,Sunderland,SUN,MID,5.0,0.4,80,2891,0,2,0.0,2.4,84.6,347.6,333.3,162.0,a,,,1.0,IPS,False,,1.0,4.2,4.2,0.8400000000000001
557,Tzolis,439509.jpg,Arsenal,ARS,MID,6.5,3.6,0,0,0,0,0.0,0.0,0.0,0.0,0.0,0.0,a,,,1.0,COV,True,,1.0,4.2,4.2,0.6461538461538462
324,Mehmeti,232457.jpg,Ipswich Town,IPS,MID,5.0,0.1,0,0,0,0,0.0,0.0,0.0,0.0,0.0,0.0,a,,,1.0,SUN,True,,1.0,4.2,4.2,0.8400000000000001
562,Maeda,442967.jpg,Ipswich Town,IPS,MID,5.5,0.4,0,0,0,0,0.0,0.0,0.0,0.0,0.0,0.0,a,,,1.0,SUN,True,,1.0,4.2,4.2,0.7636363636363637
571,Florentino,216055.jpg,Ipswich Town,IPS,MID,5.0,0.0,0,0,0,0,0.0,0.0,0.0,0.0,0.0,0.0,a,,,1.0,SUN,True,,1.0,4.2,4.2,0.8400000000000001
547,Mundle,461199.jpg,Sunderland,SUN,MID,5.0,0.0,14,399,0,0,0.0,1.0,12.7,29.4,33.6,69.0,a,,,1.0,IPS,False,,1.0,4.2,4.2,0.8400000000000001
19,Zubimendi,481655.jpg,Arsenal,ARS,MID,5.5,1.5,133,2991,5,1,0.0,3.5,126.2,603.2,385.1,271.0,a,,,1.0,COV,True,,1.0,4.2,4.2,0.7636363636363637
42,Guessand,485337.jpg,Aston Villa,AVL,MID,5.5,0.0,44,909,1,3,0.0,2.1,42.0,159.4,76.6,187.0,a,,,1.0,BHA,False,,1.0,4.2,4.2,0.7636363636363637
17,Merino,195384.jpg,Arsenal,ARS,MID,6.0,1.1,67,1024,4,3,0.0,3.0,73.6,304.4,191.8,244.0,a,,,1.0,COV,True,,1.0,4.2,4.2,0.7000000000000001
345,Tanaka,248056.jpg,Leeds,LEE,MID,5.0,0.3,67,1307,2,1,0.0,2.4,63.6,224.2,307.6,104.0,a,,,1.0,NFO,False,,1.0,4.2,4.2,0.8400000000000001
335,Stach,466525.jpg,Leeds,LEE,MID,6.0,1.2,137,2369,5,6,0.0,4.7,188.8,650.0,921.4,315.0,a,,,1.0,NFO,False,,1.0,4.2,4.2,0.7000000000000001
336,Okafor,435997.jpg,Leeds,LEE,MID,6.0,0.7,109,1553,8,3,0.0,3.9,115.0,438.8,275.0,435.0,a,,,1.0,NFO,False,,1.0,4.2,4.2,0.7000000000000001
337,Aaronson,427637.jpg,Leeds,LEE,MID,5.5,0.8,126,2449,4,8,0.0,3.4,146.7,482.8,486.7,498.0,a,,,1.0,NFO,False,,1.0,4.2,4.2,0.7636363636363637
338,Ampadu,199598.jpg,Leeds,LEE,MID,5.5,1.6,134,3119,1,4,0.0,3.8,114.7,592.2,384.8,166.0,a,,,1.0,NFO,False,,1.0,4.2,4.2,0.7636363636363637
548,Rigg,554197.jpg,Sunderland,SUN,MID,5.0,0.1,36,758,1,1,0.0,2.0,36.0,114.6,142.8,103.0,a,,,1.0,IPS,False,,1.0,4.2,4.2,0.8400000000000001
549,Talbi,549912.jpg,Sunderland,SUN,MID,5.5,0.2,83,1553,4,2,0.0,3.0,69.1,238.8,211.5,245.0,a,,,1.0,IPS,False,,1.0,4.2,4.2,0.7636363636363637
550,Jocelin.T,699989.jpg,Sunderland,SUN,MID,5.0,0.0,1,38,0,0,0.0,1.0,1.0,3.4,4.3,2.0,a,,,1.0,IPS,False,,1.0,4.2,4.2,0.8400000000000001
551,Angulo,536661.jpg,Sunderland,SUN,MID,5.0,0.1,13,401,0,0,0.0,1.6,17.8,45.4,44.3,89.0,a,,,1.0,IPS,False,,1.0,4.2,4.2,0.8400000000000001
344,Gruev,486520.jpg,Leeds,LEE,MID,5.0,0.0,56,1318,0,4,0.0,2.4,43.2,199.4,171.0,64.0,a,,,1.0,NFO,False,,1.0,4.2,4.2,0.8400000000000001
340,Gelhardt,462635.jpg,Leeds,LEE,MID,5.0,0.0,0,0,0,0,0.0,0.0,0.0,0.0,0.0,0.0,a,,,1.0,NFO,False,,1.0,4.2,4.2,0.8400000000000001
574,Hjertø-Dahl,552946.jpg,Hull City,HUL,MID,5.0,0.0,0,0,0,0,0.0,0.0,0.0,0.0,0.0,0.0,a,,,1.0,MUN,True,,1.0,4.2,4.2,0.8400000000000001
366,Wirtz,494595.jpg,Liverpool,LIV,MID,7.5,14.2,125,2374,5,4,0.0,3.8,210.0,526.4,908.2,665.0,a,,,1.0,NEW,False,,1.0,4.2,4.2,0.56
525,Fernandes,551226.jpg,Spurs,TOT,MID,6.0,3.0,135,3017,3,4,0.0,3.8,146.3,657.2,622.8,183.0,a,,,1.0,BRE,False,,1.0,4.2,4.2,0.7000000000000001
51,George Hemmings,577285.jpg,Aston Villa,AVL,MID,4.5,0.3,2,25,0,0,0.0,1.0,0.3,0.0,1.7,2.0,a,,,1.0,BHA,False,,1.0,4.2,4.2,0.9333333333333333
293,Kamara,490161.jpg,Hull City,HUL,MID,5.0,0.0,0,0,0,0,0.0,0.0,0.0,0.0,0.0,0.0,a,,,1.0,MUN,True,,1.0,4.2,4.2,0.8400000000000001
290,Slater,243413.jpg,Hull City,HUL,MID,4.5,2.1,0,0,0,0,0.0,0.0,0.0,0.0,0.0,0.0,a,,,1.0,MUN,True,,1.0,4.2,4.2,0.9333333333333333
381,Koumas,514514.jpg,Liverpool,LIV,MID,5.0,0.0,0,0,0,0,0.0,0.0,0.0,0.0,0.0,0.0,a,,,1.0,NEW,False,,1.0,4.2,4.2,0.8400000000000001
289,Crooks,101282.jpg,Hull City,HUL,MID,4.5,0.7,0,0,0,0,0.0,0.0,0.0,0.0,0.0,0.0,a,,,1.0,MUN,True,,1.0,4.2,4.2,0.9333333333333333
160,Garnacho,493105.jpg,Aston Villa,AVL,MID,6.0,0.9,56,1261,1,4,0.0,2.3,100.5,211.4,405.3,399.0,a,,,1.0,BHA,False,,1.0,4.2,4.2,0.7000000000000001
563,Morita,445028.jpg,Hull City,HUL,MID,5.0,0.1,0,0,0,0,0.0,0.0,0.0,0.0,0.0,0.0,a,,,1.0,MUN,True,,1.0,4.2,4.2,0.8400000000000001
288,Dowell,171270.jpg,Hull City,HUL,MID,4.5,0.5,0,0,0,0,0.0,0.0,0.0,0.0,0.0,0.0,a,,,1.0,MUN,True,,1.0,4.2,4.2,0.9333333333333333
54,Gomes,448089.jpg,Aston Villa,AVL,MID,5.5,0.3,85,2207,1,1,0.0,3.0,102.0,486.6,353.4,176.0,a,,,1.0,BHA,False,,1.0,4.2,4.2,0.7636363636363637
53,Manzambi,614071.jpg,Aston Villa,AVL,MID,6.0,2.0,0,0,0,0,0.0,0.0,0.0,0.0,0.0,0.0,a,,,1.0,BHA,False,,1.0,4.2,4.2,0.7000000000000001
287,Millar,232905.jpg,Hull City,HUL,MID,5.0,0.1,0,0,0,0,0.0,0.0,0.0,0.0,0.0,0.0,a,,,1.0,MUN,True,,1.0,4.2,4.2,0.8400000000000001
292,Ömür,208481.jpg,Hull City,HUL,MID,5.0,0.0,0,0,0,0,0.0,0.0,0.0,0.0,0.0,0.0,a,,,1.0,MUN,True,,1.0,4.2,4.2,0.8400000000000001
52,Alysson,653481.jpg,Aston Villa,AVL,MID,5.0,0.0,3,47,0,0,0.0,1.0,1.5,3.2,3.5,10.0,a,,,1.0,BHA,False,,1.0,4.2,4.2,0.8400000000000001
286,Belloumi,540324.jpg,Hull City,HUL,MID,5.0,0.5,0,0,0,0,0.0,0.0,0.0,0.0,0.0,0.0,a,,,1.0,MUN,True,,1.0,4.2,4.2,0.8400000000000001
50,Burrowes,645618.jpg,Aston Villa,AVL,MID,4.5,0.8,1,16,0,0,0.0,1.0,0.0,0.0,0.3,0.0,a,,,1.0,BHA,False,,1.0,4.2,4.2,0.9333333333333333
570,Palacios,571779.jpg,Fulham,FUL,MID,5.5,0.1,0,0,0,0,0.0,0.0,0.0,0.0,0.0,0.0,a,,,1.0,CHE,True,,1.0,4.2,4.2,0.7636363636363637
67,Rayan,499604.jpg,Bournemouth,BOU,MID,6.5,3.4,67,1110,5,2,0.0,4.5,75.3,277.6,211.9,263.0,a,,,1.0,MCI,False,,1.0,4.2,4.2,0.6461538461538462
296,Akintola,213292.jpg,Hull City,HUL,MID,5.0,0.0,0,0,0,0,0.0,0.0,0.0,0.0,0.0,0.0,a,,,1.0,MUN,True,,1.0,4.2,4.2,0.8400000000000001
377,Munoz,551499.jpg,Liverpool,LIV,MID,6.5,0.8,0,0,0,0,0.0,0.0,0.0,0.0,0.0,0.0,a,,,1.0,NEW,False,,1.0,4.2,4.2,0.6461538461538462
375,Nyoni,591386.jpg,Liverpool,LIV,MID,5.0,0.1,6,21,0,0,0.0,1.0,2.1,4.2,13.4,4.0,a,,,1.0,NEW,False,,1.0,4.2,4.2,0.8400000000000001
136,Welbeck,50175.jpg,Chelsea,CHE,FWD,6.0,2.6,126,2249,13,1,0.0,3.4,168.2,578.8,309.7,803.0,a,,,1.0,FUL,False,,1.0,4.188911447151404,4.19,0.6983333333333334
226,Pickford,111234.jpg,Everton,EVE,GKP,5.5,8.8,135,3420,0,0,0.0,3.6,90.8,885.2,20.3,2.0,a,,,1.0,CRY,True,,1.0,4.157894736842105,4.16,0.7563636363636363
391,Gvardiol,477424.jpg,Man City,MCI,DEF,5.5,13.5,79,1370,2,2,0.0,4.4,69.8,369.0,109.5,218.0,a,,,1.0,BOU,True,,1.0,4.112599445363314,4.11,0.7472727272727273
16,Madueke,248857.jpg,Arsenal,ARS,MID,6.5,0.4,72,1205,3,1,0.0,2.8,101.3,257.4,352.8,404.0,a,,,1.0,COV,True,,1.0,4.100876846024485,4.1,0.6307692307692307
79,Evanilson,444102.jpg,Bournemouth,BOU,FWD,6.0,2.1,115,2741,6,7,0.0,3.2,155.5,350.6,397.9,809.0,a,,,1.0,MCI,False,,1.0,4.0923842933282275,4.09,0.6816666666666666
18,Martinelli,444145.jpg,Arsenal,ARS,MID,6.5,0.3,57,1065,1,5,0.0,1.9,79.0,204.6,202.2,390.0,a,,,1.0,COV,True,,1.0,4.025236662249069,4.03,0.62
463,Woltemade,470313.jpg,Newcastle,NEW,FWD,6.0,1.7,108,1896,8,4,0.0,3.3,117.5,447.2,314.4,425.0,a,,,1.0,LIV,True,,1.0,4.0,4.0,0.6666666666666666
569,García,551466.jpg,Fulham,FUL,FWD,6.0,1.6,0,0,0,0,0.0,0.0,0.0,0.0,0.0,0.0,a,,,1.0,CHE,True,,1.0,4.0,4.0,0.6666666666666666
441,Obi,596047.jpg,Man Utd,MUN,FWD,4.5,1.2,0,0,0,0,0.0,0.0,0.0,0.0,0.0,0.0,a,,,1.0,HUL,False,,1.0,4.0,4.0,0.8888888888888888
249,Barry,586309.jpg,Everton,EVE,FWD,5.5,0.9,95,1898,8,0,0.0,2.5,102.5,341.0,207.7,501.0,a,,,1.0,CRY,True,,1.0,4.0,4.0,0.7272727272727273
347,Nmecha,174594.jpg,Leeds,LEE,FWD,5.5,0.6,73,1065,6,1,0.0,2.4,87.8,290.4,153.5,434.0,a,,,1.0,NFO,False,,1.0,4.0,4.0,0.7272727272727273
348,Piroe,235826.jpg,Leeds,LEE,FWD,5.0,0.5,17,244,0,0,0.0,1.1,16.5,13.6,38.1,120.0,a,,,1.0,NFO,False,,1.0,4.0,4.0,0.8
321,Walle Egeli,557012.jpg,Ipswich Town,IPS,FWD,4.5,2.1,0,0,0,0,0.0,0.0,0.0,0.0,0.0,0.0,a,,,1.0,SUN,True,,1.0,4.0,4.0,0.8888888888888888
320,Akpom,147675.jpg,Ipswich Town,IPS,FWD,5.0,0.5,0,0,0,0,0.0,0.0,0.0,0.0,0.0,0.0,a,,,1.0,SUN,True,,1.0,4.0,4.0,0.8
316,Emersonn,543968.jpg,Ipswich Town,IPS,FWD,5.5,0.3,0,0,0,0,0.0,0.0,0.0,0.0,0.0,0.0,a,,,1.0,SUN,True,,1.0,4.0,4.0,0.7272727272727273
193,Wright,176412.jpg,Coventry City,COV,FWD,5.5,1.7,0,0,0,0,0.0,0.0,0.0,0.0,0.0,0.0,a,,,1.0,ARS,False,,1.0,4.0,4.0,0.7272727272727273
194,Thomas-Asante,230730.jpg,Coventry City,COV,FWD,5.0,0.8,0,0,0,0,0.0,0.0,0.0,0.0,0.0,0.0,a,,,1.0,ARS,False,,1.0,4.0,4.0,0.8
195,Simms,218997.jpg,Coventry City,COV,FWD,5.0,0.6,0,0,0,0,0.0,0.0,0.0,0.0,0.0,0.0,a,,,1.0,ARS,False,,1.0,4.0,4.0,0.8
196,Markelo,551262.jpg,Coventry City,COV,FWD,5.0,0.1,0,0,0,0,0.0,0.0,0.0,0.0,0.0,0.0,a,,,1.0,ARS,False,,1.0,4.0,4.0,0.8
272,Kusi-Asare,631786.jpg,Fulham,FUL,FWD,4.5,7.6,6,49,0,0,0.0,0.9,2.3,3.2,12.0,8.0,a,,,1.0,CHE,True,,1.0,4.0,4.0,0.8888888888888888
298,Destan,500957.jpg,Hull City,HUL,FWD,4.5,2.4,0,0,0,0,0.0,0.0,0.0,0.0,0.0,0.0,a,,,1.0,MUN,True,,1.0,4.0,4.0,0.8888888888888888
295,McBurnie,169432.jpg,Hull City,HUL,FWD,5.5,1.6,0,0,0,0,0.0,0.0,0.0,0.0,0.0,0.0,a,,,1.0,MUN,True,,1.0,4.0,4.0,0.7272727272727273
553,Isidor,437505.jpg,Sunderland,SUN,FWD,5.5,1.2,74,1148,6,1,0.0,2.3,71.5,242.0,30.4,444.0,a,,,1.0,IPS,False,,1.0,4.0,4.0,0.7272727272727273
56,Abraham,173879.jpg,Aston Villa,AVL,FWD,5.5,0.2,23,278,2,0,0.0,1.9,27.1,87.2,49.2,136.0,a,,100.0,1.0,BHA,False,,1.0,4.0,4.0,0.7272727272727273
81,Rodríguez,561245.jpg,Bournemouth,BOU,FWD,6.0,0.3,0,0,0,0,0.0,0.0,0.0,0.0,0.0,0.0,a,,,1.0,MCI,False,,1.0,4.0,4.0,0.6666666666666666
552,Brobbey,441264.jpg,Sunderland,SUN,FWD,6.0,17.3,92,1920,7,2,0.0,3.0,106.7,333.4,200.5,552.0,a,,,1.0,IPS,False,,1.0,4.0,4.0,0.6666666666666666
107,Furo,593174.jpg,Brentford,BRE,FWD,4.5,0.8,1,1,0,0,0.0,1.0,0.0,0.0,0.0,0.0,a,,,1.0,TOT,True,,1.0,4.0,4.0,0.8888888888888888
491,Igor Jesus,482973.jpg,Nott'm Forest,NFO,FWD,6.0,5.2,114,2293,6,6,0.0,3.1,136.4,420.6,240.7,726.0,a,,,1.0,LEE,True,,1.0,4.0,4.0,0.6666666666666666
493,Kalimuendo,465680.jpg,Nott'm Forest,NFO,FWD,5.5,0.1,9,89,0,0,0.0,1.0,6.3,6.8,17.7,39.0,a,,,1.0,LEE,True,,1.0,4.0,4.0,0.7272727272727273
25,Gyökeres,224117.jpg,Arsenal,ARS,FWD,7.5,13.1,128,2217,14,1,0.0,3.6,157.5,539.6,271.7,772.0,a,,,1.0,COV,True,,1.0,4.0,4.0,0.5333333333333333
138,Kostoulas,647850.jpg,Brighton,BHA,FWD,5.5,0.3,35,351,2,1,0.0,1.7,52.4,143.6,126.5,255.0,a,,,1.0,AVL,True,,1.0,4.0,4.0,0.7272727272727273
167,Delap,463034.jpg,Chelsea,CHE,FWD,5.5,0.5,45,1092,1,2,0.0,1.6,47.3,67.8,73.7,349.0,a,,,1.0,FUL,False,,1.0,3.9939734471841444,3.99,0.7254545454545455
166,N.Jackson,517052.jpg,Chelsea,CHE,FWD,6.5,0.4,0,0,0,0,0.0,0.0,0.0,0.0,0.0,0.0,a,,,1.0,FUL,False,,1.0,3.9521947735072804,3.95,0.6076923076923078
467,Sels,85633.jpg,Nott'm Forest,NFO,GKP,5.0,1.5,105,2667,0,0,0.0,3.4,74.0,730.0,10.0,0.0,a,,,1.0,LEE,True,,1.0,3.9473684210526314,3.95,0.79
22,Nwaneri,499175.jpg,Arsenal,ARS,MID,5.5,0.0,8,165,0,0,0.0,1.3,5.4,8.6,22.5,24.0,a,,,1.0,COV,True,,1.0,3.9046126568457464,3.9,0.7090909090909091
429,Rashford,176297.jpg,Man Utd,MUN,MID,7.0,1.5,0,0,0,0,0.0,0.0,0.0,0.0,0.0,0.0,a,,,1.0,HUL,False,,1.0,3.8880188065970844,3.89,0.5557142857142857
262,Smith Rowe,209289.jpg,Fulham,FUL,MID,5.5,0.4,80,1909,3,1,0.0,2.2,102.6,291.6,330.0,404.0,a,,,1.0,CHE,True,,1.0,3.888171574472297,3.89,0.7072727272727273
471,Milenković,227444.jpg,Nott'm Forest,NFO,DEF,5.5,2.3,119,3375,0,1,0.0,3.1,86.9,680.4,66.9,120.0,a,,,1.0,LEE,True,,1.0,3.8670104162043213,3.87,0.7036363636363636
241,McNeil,433154.jpg,Everton,EVE,MID,5.5,0.2,53,1161,0,3,0.0,2.4,52.2,140.6,242.4,138.0,a,,,1.0,CRY,True,,1.0,3.8724610237970913,3.87,0.7036363636363636
398,Foden,209244.jpg,Man City,MCI,MID,7.0,6.6,131,2078,7,5,0.0,4.0,201.9,583.2,918.8,520.0,a,,,1.0,BOU,True,,1.0,3.839807697493995,3.84,0.5485714285714286
155,Enzo,448047.jpg,Chelsea,CHE,MID,7.0,5.5,157,3114,10,5,0.0,4.4,264.6,835.6,1063.2,747.0,a,,,1.0,FUL,False,,1.0,3.8297294446876387,3.83,0.5471428571428572
95,O.Dango,533463.jpg,Brentford,BRE,MID,6.5,1.4,136,2271,7,8,0.0,4.2,162.8,509.8,422.8,702.0,a,,,1.0,TOT,True,,1.0,3.821683288538538,3.82,0.5876923076923076
356,Virgil,97032.jpg,Liverpool,LIV,DEF,6.5,16.7,175,3420,6,1,0.0,4.6,187.6,1169.4,215.9,490.0,a,,,1.0,NEW,False,,1.0,3.8136723414980547,3.81,0.5861538461538461
96,Damsgaard,440089.jpg,Brentford,BRE,MID,5.5,0.7,113,2046,4,4,0.0,3.4,155.0,530.6,691.3,326.0,a,,,1.0,TOT,True,,1.0,3.7366261547471225,3.74,0.68
15,Ødegaard,184029.jpg,Arsenal,ARS,MID,6.5,2.9,74,1363,1,7,0.0,3.1,104.4,311.8,564.4,168.0,a,,,1.0,COV,True,,1.0,3.705526090005282,3.71,0.5707692307692308
4,Gabriel,226597.jpg,Arsenal,ARS,DEF,8.0,26.8,209,2750,3,5,0.0,6.5,125.0,824.0,128.5,298.0,a,,,1.0,COV,True,,1.0,3.704106434940613,3.7,0.4625
372,Mac Allister,243016.jpg,Liverpool,LIV,MID,5.5,1.9,108,2654,2,5,0.0,2.9,139.9,475.4,562.2,365.0,a,,,1.0,NEW,False,,1.0,3.6842858003723005,3.68,0.6690909090909091
13,Rice,204480.jpg,Arsenal,ARS,MID,7.5,22.0,184,3093,4,9,0.0,5.1,215.4,827.2,1027.4,298.0,a,,,1.0,COV,True,,1.0,3.678559103830415,3.68,0.4906666666666667
122,Minteh,592031.jpg,Brighton,BHA,MID,6.0,0.7,117,2389,3,8,0.0,3.4,180.3,491.8,691.4,617.0,a,,,1.0,AVL,True,,1.0,3.668474089758635,3.67,0.6116666666666667
452,Bruno G.,208706.jpg,Arsenal,ARS,MID,7.0,10.3,154,2456,9,7,0.0,5.3,202.9,782.4,756.7,488.0,a,,,1.0,COV,True,,1.0,3.631534900428608,3.63,0.5185714285714286
260,Wilson,153682.jpg,Leeds,LEE,MID,6.5,8.1,168,2674,10,9,0.0,4.7,196.9,707.2,661.1,601.0,a,,,1.0,NFO,False,,1.0,3.617672480606211,3.62,0.556923076923077
125,Georginio,463067.jpg,Brighton,BHA,FWD,5.5,1.0,87,1776,3,5,0.0,2.7,113.5,338.6,349.5,448.0,a,,,1.0,AVL,True,,1.0,3.5981521605292093,3.6,0.6545454545454545
473,Aina,159506.jpg,Nott'm Forest,NFO,DEF,4.5,4.3,67,1587,0,2,0.0,3.7,50.5,285.2,160.3,58.0,a,,,1.0,LEE,True,,1.0,3.5988895764782094,3.6,0.8
406,Kovačić,91651.jpg,Man City,MCI,MID,5.5,0.0,9,125,0,1,0.0,1.5,11.5,46.0,65.5,3.0,a,,,1.0,BOU,True,,1.0,3.5812747666948264,3.58,0.6509090909090909
358,Kerkez,544877.jpg,Liverpool,LIV,DEF,5.5,5.1,85,2251,2,1,0.0,2.5,99.4,434.6,415.8,141.0,a,,,1.0,NEW,False,,1.0,3.57043584407037,3.57,0.649090909090909
237,Ndiaye,440993.jpg,Everton,EVE,MID,6.0,15.1,128,2781,6,3,0.0,4.0,166.5,605.8,479.2,578.0,a,,,1.0,CRY,True,,1.0,3.5619589448987576,3.56,0.5933333333333334
198,Henderson,172649.jpg,Crystal Palace,CRY,GKP,5.0,3.2,131,3330,0,0,0.0,3.5,84.7,837.8,10.0,0.0,a,,,1.0,EVE,False,,1.0,3.552631578947368,3.55,0.71
526,Solanke,154566.jpg,Spurs,TOT,FWD,6.0,2.3,40,997,3,0,0.0,2.7,62.7,205.0,84.1,339.0,a,,,1.0,BRE,False,,1.0,3.54438261106657,3.54,0.59
400,Doku,248875.jpg,Man City,MCI,MID,7.5,6.4,120,1773,5,8,0.0,4.0,202.5,540.2,841.6,645.0,a,,,1.0,BOU,True,,1.0,3.489792802707535,3.49,0.4653333333333334
26,Havertz,219847.jpg,Arsenal,ARS,FWD,7.5,3.6,36,577,2,3,0.0,3.0,49.9,152.6,134.6,210.0,a,,,1.0,COV,True,,1.0,3.450231758923363,3.45,0.46
392,Aït-Nouri,448514.jpg,Man City,MCI,DEF,5.5,1.2,60,971,0,2,0.0,3.5,50.2,195.6,216.4,90.0,a,,,1.0,BOU,True,,1.0,3.448416188901698,3.45,0.6272727272727273
248,Beto,486385.jpg,Everton,EVE,FWD,5.5,3.1,104,1551,9,1,0.0,2.8,124.5,445.8,159.8,655.0,a,,,1.0,CRY,True,,1.0,3.4330814089003234,3.43,0.6236363636363637
204,Mitchell,244723.jpg,Crystal Palace,CRY,DEF,4.5,6.8,135,3253,1,3,0.0,3.6,136.0,649.0,467.3,241.0,a,,,1.0,EVE,False,,1.0,3.4052996059427767,3.41,0.7577777777777778
43,Tielemans,166989.jpg,Man Utd,MUN,MID,6.0,1.4,68,1857,0,4,0.0,2.7,113.1,432.0,513.6,184.0,a,,100.0,1.0,HUL,False,,1.0,3.3857285618810087,3.39,0.5650000000000001
482,Hudson-Odoi,209046.jpg,Nott'm Forest,NFO,MID,6.0,0.1,88,1838,3,4,0.0,2.9,130.6,366.6,611.7,330.0,a,,100.0,1.0,LEE,True,,1.0,3.3872295051058394,3.39,0.5650000000000001
269,Sessegnon,184349.jpg,Fulham,FUL,DEF,4.5,0.4,95,1816,3,3,0.0,3.5,86.7,413.8,225.0,229.0,a,,,1.0,CHE,True,,1.0,3.372165476366781,3.37,0.7488888888888889
156,Neto,247632.jpg,Chelsea,CHE,MID,6.5,1.4,125,2629,5,7,0.0,3.7,186.7,523.0,836.2,505.0,a,,,1.0,FUL,False,,1.0,3.3652435103343636,3.37,0.5184615384615385
449,Hall,487838.jpg,Newcastle,NEW,DEF,5.0,4.0,79,2176,1,2,0.0,2.6,118.0,550.2,433.6,196.0,a,,,1.0,LIV,True,,1.0,3.3558764954664255,3.36,0.6719999999999999
233,Mykolenko,224967.jpg,Everton,EVE,DEF,4.5,1.3,95,2959,0,1,0.0,2.9,102.3,559.2,394.1,71.0,a,,,1.0,CRY,True,,1.0,3.354273796711101,3.35,0.7444444444444445
446,Schär,119471.jpg,Newcastle,NEW,DEF,5.0,0.2,51,1089,0,0,0.0,3.2,46.4,291.2,63.6,108.0,a,,100.0,1.0,LIV,True,,1.0,3.3520262496706565,3.35,0.67
84,Collins,432830.jpg,Brentford,BRE,DEF,5.5,2.1,129,2971,1,2,0.0,3.7,131.9,848.6,143.8,325.0,a,,,1.0,TOT,True,,1.0,3.342105263157895,3.34,0.6072727272727273
401,Marmoush,438234.jpg,Man City,MCI,FWD,7.0,0.8,56,691,3,3,0.0,2.7,64.4,203.2,159.8,284.0,a,,,1.0,BOU,True,,1.0,3.310787408429683,3.31,0.47285714285714286
469,N.Williams,215136.jpg,Nott'm Forest,NFO,DEF,5.0,12.1,128,3203,2,3,0.0,3.5,175.6,804.0,572.3,380.0,a,,,1.0,LEE,True,,1.0,3.29741658786219,3.3,0.6599999999999999
373,C.Jones,206915.jpg,Liverpool,LIV,MID,5.5,0.2,81,1923,1,3,0.0,2.4,104.6,407.4,412.1,227.0,a,,,1.0,NEW,False,,1.0,3.245405225963316,3.25,0.5909090909090909
388,Guéhi,209036.jpg,Man City,MCI,DEF,6.0,23.0,179,3150,3,5,0.0,5.1,160.9,901.6,304.6,402.0,a,,,1.0,BOU,True,,1.0,3.227733778209,3.23,0.5383333333333333
509,Byfield,640419.jpg,Spurs,TOT,DEF,4.0,0.1,1,1,0,0,0.0,1.0,0.1,0.4,0.5,0.0,a,,,1.0,BRE,False,,1.0,3.2,3.2,0.8
333,Bornauw,437738.jpg,Leeds,LEE,DEF,4.5,0.0,25,429,0,0,0.0,2.1,12.2,98.6,6.3,19.0,a,,,1.0,NFO,False,,1.0,3.2,3.2,0.7111111111111111
308,Furlong,176420.jpg,Ipswich Town,IPS,DEF,4.0,0.5,0,0,0,0,0.0,0.0,0.0,0.0,0.0,0.0,a,,,1.0,SUN,True,,1.0,3.2,3.2,0.8
361,Lucky,519440.jpg,Liverpool,LIV,DEF,4.0,0.1,0,0,0,0,0.0,0.0,0.0,0.0,0.0,0.0,a,,,1.0,NEW,False,,1.0,3.2,3.2,0.8
235,Aznou,499300.jpg,Everton,EVE,DEF,4.0,0.2,0,0,0,0,0.0,0.0,0.0,0.0,0.0,0.0,a,,,1.0,CRY,True,,1.0,3.2,3.2,0.8
357,Frimpong,216094.jpg,Liverpool,LIV,DEF,5.5,3.0,63,1032,0,5,0.0,3.0,56.5,133.2,244.6,186.0,a,,,1.0,NEW,False,,1.0,3.2,3.2,0.5818181818181819
327,Bijol,434752.jpg,Leeds,LEE,DEF,5.0,0.3,99,1888,1,3,0.0,4.0,86.0,531.8,84.5,243.0,a,,,1.0,NFO,False,,1.0,3.2,3.2,0.64
566,Silva,483067.jpg,Bournemouth,BOU,DEF,5.0,0.2,0,0,0,0,0.0,0.0,0.0,0.0,0.0,0.0,a,,,1.0,MCI,False,,1.0,3.2,3.2,0.64
573,Sanchez,494928.jpg,Bournemouth,BOU,DEF,4.5,0.1,0,0,0,0,0.0,0.0,0.0,0.0,0.0,0.0,a,,,1.0,MCI,False,,1.0,3.2,3.2,0.7111111111111111
329,Rodon,214225.jpg,Leeds,LEE,DEF,4.5,1.9,109,2952,2,0,0.0,3.1,109.1,707.2,137.3,242.0,a,,,1.0,NFO,False,,1.0,3.2,3.2,0.7111111111111111
9,Hincapie,448104.jpg,Arsenal,ARS,DEF,5.5,4.0,87,1787,1,2,0.0,3.5,70.9,453.6,184.7,72.0,a,,,1.0,COV,True,,1.0,3.2,3.2,0.5818181818181819
511,Souza,616221.jpg,Spurs,TOT,DEF,4.0,0.3,3,142,0,0,0.0,0.8,6.2,12.8,31.9,17.0,a,,,1.0,BRE,False,,1.0,3.2,3.2,0.8
11,Mosquera,500040.jpg,Arsenal,ARS,DEF,5.5,14.6,40,986,0,0,0.0,2.0,32.9,219.2,88.7,20.0,a,,,1.0,COV,True,,1.0,3.2,3.2,0.5818181818181819
330,Bogle,226182.jpg,Leeds,LEE,DEF,4.5,0.5,96,2795,1,5,0.0,2.8,100.3,436.0,346.1,218.0,a,,,1.0,NFO,False,,1.0,3.2,3.2,0.7111111111111111
362,Jacquet,606702.jpg,Liverpool,LIV,DEF,5.0,1.3,0,0,0,0,0.0,0.0,0.0,0.0,0.0,0.0,a,,100.0,1.0,NEW,False,,1.0,3.2,3.2,0.64
334,Muharemović,522047.jpg,Leeds,LEE,DEF,5.0,1.6,0,0,0,0,0.0,0.0,0.0,0.0,0.0,0.0,a,,,1.0,NFO,False,,1.0,3.2,3.2,0.64
510,Rowswell,499716.jpg,Spurs,TOT,DEF,4.0,0.1,1,1,0,0,0.0,1.0,0.0,0.0,0.0,0.0,a,,,1.0,BRE,False,,1.0,3.2,3.2,0.8
538,Hjelde,477547.jpg,Sunderland,SUN,DEF,4.0,0.3,0,0,0,0,0.0,0.0,0.0,0.0,0.0,0.0,a,,,1.0,IPS,False,,1.0,3.2,3.2,0.8
66,Soler,575901.jpg,Bournemouth,BOU,DEF,4.0,0.6,3,34,0,0,0.0,1.0,0.6,1.8,2.5,2.0,a,,,1.0,MCI,False,,1.0,3.2,3.2,0.8
364,Tsimikas,214285.jpg,Liverpool,LIV,DEF,5.0,0.1,0,0,0,0,0.0,0.0,0.0,0.0,0.0,0.0,a,,,1.0,NEW,False,,1.0,3.2,3.2,0.64
365,Ramsay,489580.jpg,Liverpool,LIV,DEF,4.0,0.2,0,0,0,0,0.0,0.0,0.0,0.0,0.0,0.0,a,,,1.0,NEW,False,,1.0,3.2,3.2,0.8
536,Reinildo,434399.jpg,Sunderland,SUN,DEF,4.5,0.5,74,1966,0,2,0.0,3.0,54.7,376.4,130.2,39.0,a,,,1.0,IPS,False,,1.0,3.2,3.2,0.7111111111111111
539,O'Nien,167512.jpg,Sunderland,SUN,DEF,4.0,2.5,26,565,0,1,0.0,2.2,17.1,103.0,27.6,40.0,a,,,1.0,IPS,False,,1.0,3.2,3.2,0.8
534,Hume,487676.jpg,Sunderland,SUN,DEF,4.5,4.5,110,3032,2,1,0.0,2.9,120.9,547.8,421.3,248.0,a,,,1.0,IPS,False,,1.0,3.2,3.2,0.7111111111111111
532,Ballard,223827.jpg,Sunderland,SUN,DEF,5.0,4.2,116,2144,2,2,0.0,4.0,121.5,662.8,181.2,370.0,a,,,1.0,IPS,False,,1.0,3.2,3.2,0.64
61,Truffert,494521.jpg,Bournemouth,BOU,DEF,5.5,4.8,165,3378,1,6,0.0,4.3,162.6,857.0,574.2,194.0,a,,,1.0,MCI,False,,1.0,3.2,3.2,0.5818181818181819
62,Diakité,242882.jpg,Bournemouth,BOU,DEF,5.0,0.2,46,1275,0,0,0.0,2.6,34.4,267.0,54.3,22.0,a,,,1.0,MCI,False,,1.0,3.2,3.2,0.64
285,McNair,160817.jpg,Hull City,HUL,DEF,4.0,0.1,0,0,0,0,0.0,0.0,0.0,0.0,0.0,0.0,a,,,1.0,MUN,True,,1.0,3.2,3.2,0.8
284,McCarthy,661800.jpg,Hull City,HUL,DEF,4.0,0.1,0,0,0,0,0.0,0.0,0.0,0.0,0.0,0.0,a,,,1.0,MUN,True,,1.0,3.2,3.2,0.8
282,Giles,232351.jpg,Hull City,HUL,DEF,4.0,0.7,0,0,0,0,0.0,0.0,0.0,0.0,0.0,0.0,a,,,1.0,MUN,True,,1.0,3.2,3.2,0.8
280,Coyle,193278.jpg,Hull City,HUL,DEF,4.0,0.5,0,0,0,0,0.0,0.0,0.0,0.0,0.0,0.0,a,,,1.0,MUN,True,,1.0,3.2,3.2,0.8
39,Nedeljkovic,578545.jpg,Aston Villa,AVL,DEF,4.0,0.7,0,0,0,0,0.0,0.0,0.0,0.0,0.0,0.0,a,,,1.0,BHA,False,,1.0,3.2,3.2,0.8
540,Masuaku,105717.jpg,Sunderland,SUN,DEF,4.0,1.5,1,125,0,0,0.0,0.3,4.9,21.8,20.1,7.0,a,,,1.0,IPS,False,,1.0,3.2,3.2,0.8
279,Ajayi,146426.jpg,Hull City,HUL,DEF,4.0,0.8,0,0,0,0,0.0,0.0,0.0,0.0,0.0,0.0,a,,,1.0,MUN,True,,1.0,3.2,3.2,0.8
389,Matheus N.,465351.jpg,Man City,MCI,DEF,6.0,4.7,154,2861,1,8,0.0,4.5,137.6,696.0,545.0,131.0,a,,,1.0,BOU,True,,1.0,3.2,3.2,0.5333333333333333
277,Egan,108416.jpg,Hull City,HUL,DEF,4.0,1.5,0,0,0,0,0.0,0.0,0.0,0.0,0.0,0.0,a,,,1.0,MUN,True,,1.0,3.2,3.2,0.8
541,Meunier,93605.jpg,Sunderland,SUN,DEF,4.5,0.5,0,0,0,0,0.0,0.0,0.0,0.0,0.0,0.0,a,,,1.0,IPS,False,,1.0,3.2,3.2,0.7111111111111111
390,Rúben,171314.jpg,Man City,MCI,DEF,5.5,1.6,113,2139,2,0,0.0,4.3,81.0,560.8,152.2,96.0,a,,,1.0,BOU,True,,1.0,3.2,3.2,0.5818181818181819
303,Kipré,183015.jpg,Ipswich Town,IPS,DEF,4.0,0.5,0,0,0,0,0.0,0.0,0.0,0.0,0.0,0.0,a,,,1.0,SUN,True,,1.0,3.2,3.2,0.8
537,Seelt,519634.jpg,Sunderland,SUN,DEF,4.5,0.0,2,133,0,0,0.0,1.0,3.6,33.6,2.4,0.0,a,,,1.0,IPS,False,,1.0,3.2,3.2,0.7111111111111111
499,Pedro Porro,441164.jpg,Spurs,TOT,DEF,5.5,23.3,117,2793,1,3,0.0,3.4,177.5,690.2,881.7,202.0,a,,,1.0,BRE,False,,1.0,3.2,3.2,0.5818181818181819
173,Thomas,461102.jpg,Coventry City,COV,DEF,4.0,8.4,0,0,0,0,0.0,0.0,0.0,0.0,0.0,0.0,a,,,1.0,ARS,False,,1.0,3.2,3.2,0.8
205,Sosa,218364.jpg,Crystal Palace,CRY,DEF,4.5,0.0,6,99,0,0,0.0,0.9,4.5,12.6,24.1,8.0,a,,,1.0,EVE,False,,1.0,3.2,3.2,0.7111111111111111
152,Palestra,620109.jpg,Chelsea,CHE,DEF,5.5,2.3,0,0,0,0,0.0,0.0,0.0,0.0,0.0,0.0,a,,,1.0,FUL,False,,1.0,3.2,3.2,0.5818181818181819
207,Mingueza,242313.jpg,Crystal Palace,CRY,DEF,4.5,0.1,0,0,0,0,0.0,0.0,0.0,0.0,0.0,0.0,a,,,1.0,EVE,False,,1.0,3.2,3.2,0.7111111111111111
445,Thiaw,465642.jpg,Newcastle,NEW,DEF,5.0,2.0,126,2963,4,0,0.0,3.6,138.9,868.0,114.3,409.0,a,,,1.0,LIV,True,,1.0,3.2,3.2,0.64
504,Vuskovic,610799.jpg,Brighton,BHA,DEF,5.0,2.7,0,0,0,0,0.0,0.0,0.0,0.0,0.0,0.0,a,,,1.0,AVL,True,,1.0,3.2,3.2,0.64
203,Canvot,651426.jpg,Crystal Palace,CRY,DEF,5.0,0.6,72,1331,0,0,0.0,3.6,48.1,362.4,63.8,56.0,a,,,1.0,EVE,False,,1.0,3.2,3.2,0.64
328,Struijk,222694.jpg,Brighton,BHA,DEF,5.0,0.5,108,2935,0,1,0.0,3.2,113.1,697.4,161.5,272.0,a,,,1.0,AVL,True,,1.0,3.2,3.2,0.64
201,Muñoz,247348.jpg,Crystal Palace,CRY,DEF,5.5,11.5,136,2400,4,4,0.0,4.7,139.5,595.0,396.6,404.0,a,,,1.0,EVE,False,,1.0,3.2,3.2,0.5818181818181819
113,F.Kadıoğlu,231416.jpg,Brighton,BHA,DEF,4.5,3.0,118,3130,1,2,0.0,3.2,123.7,505.0,444.8,284.0,a,,,1.0,AVL,True,,1.0,3.2,3.2,0.7111111111111111
114,Boscagli,204120.jpg,Brighton,BHA,DEF,4.5,0.2,39,799,0,1,0.0,3.2,31.1,215.6,82.2,12.0,a,,,1.0,AVL,True,,1.0,3.2,3.2,0.7111111111111111
115,De Cuyper,465730.jpg,Brighton,BHA,DEF,4.5,1.3,84,1404,2,3,0.0,2.8,99.9,327.8,516.6,154.0,a,,,1.0,AVL,True,,1.0,3.2,3.2,0.7111111111111111
117,Coppola,550090.jpg,Brighton,BHA,DEF,4.5,0.0,10,193,0,0,0.0,2.0,4.8,42.4,3.7,2.0,a,,,1.0,AVL,True,,1.0,3.2,3.2,0.7111111111111111
119,Costinha,451490.jpg,Brighton,BHA,DEF,4.5,0.0,0,0,0,0,0.0,0.0,0.0,0.0,0.0,0.0,a,,,1.0,AVL,True,,1.0,3.2,3.2,0.7111111111111111
120,Svoboda,454490.jpg,Brighton,BHA,DEF,5.0,0.1,0,0,0,0,0.0,0.0,0.0,0.0,0.0,0.0,a,,,1.0,AVL,True,,1.0,3.2,3.2,0.64
182,Amenda,539142.jpg,Coventry City,COV,DEF,4.0,0.6,0,0,0,0,0.0,0.0,0.0,0.0,0.0,0.0,a,,,1.0,ARS,False,,1.0,3.2,3.2,0.8
181,Brau,577411.jpg,Coventry City,COV,DEF,4.0,0.1,0,0,0,0,0.0,0.0,0.0,0.0,0.0,0.0,a,,,1.0,ARS,False,,1.0,3.2,3.2,0.8
179,Latibeaudiere,204813.jpg,Coventry City,COV,DEF,4.0,0.1,0,0,0,0,0.0,0.0,0.0,0.0,0.0,0.0,a,,,1.0,ARS,False,,1.0,3.2,3.2,0.8
178,Bidwell,80178.jpg,Coventry City,COV,DEF,4.0,0.1,0,0,0,0,0.0,0.0,0.0,0.0,0.0,0.0,a,,,1.0,ARS,False,,1.0,3.2,3.2,0.8
176,Dasilva,173878.jpg,Coventry City,COV,DEF,4.0,0.6,0,0,0,0,0.0,0.0,0.0,0.0,0.0,0.0,a,,,1.0,ARS,False,,1.0,3.2,3.2,0.8
175,van Ewijk,451284.jpg,Coventry City,COV,DEF,4.0,15.5,0,0,0,0,0.0,0.0,0.0,0.0,0.0,0.0,a,,,1.0,ARS,False,,1.0,3.2,3.2,0.8
174,Kitching,436761.jpg,Coventry City,COV,DEF,4.0,0.6,0,0,0,0,0.0,0.0,0.0,0.0,0.0,0.0,a,,,1.0,ARS,False,,1.0,3.2,3.2,0.8
479,Bindon,538638.jpg,Nott'm Forest,NFO,DEF,4.0,0.2,0,0,0,0,0.0,0.0,0.0,0.0,0.0,0.0,a,,,1.0,LEE,True,,1.0,3.2,3.2,0.8
478,Netz,470315.jpg,Nott'm Forest,NFO,DEF,4.5,0.0,11,353,0,0,0.0,1.6,10.4,63.4,30.1,10.0,a,,,1.0,LEE,True,,1.0,3.2,3.2,0.7111111111111111
472,Murillo,575476.jpg,Nott'm Forest,NFO,DEF,5.5,0.6,83,2130,1,0,0.0,3.3,74.0,542.2,115.5,82.0,a,,100.0,1.0,LEE,True,,1.0,3.2,3.2,0.5818181818181819
474,Jair Cunha,575458.jpg,Nott'm Forest,NFO,DEF,4.5,0.4,13,514,0,0,0.0,1.4,14.2,98.0,15.2,29.0,a,,,1.0,LEE,True,,1.0,3.2,3.2,0.7111111111111111
577,Tomiyasu,223723.jpg,Crystal Palace,CRY,DEF,4.5,0.1,0,0,0,0,0.0,0.0,0.0,0.0,0.0,0.0,a,,,1.0,EVE,False,,1.0,3.2,3.2,0.7111111111111111
146,B.Badiashile,242880.jpg,Chelsea,CHE,DEF,4.5,0.0,7,470,0,0,0.0,0.9,11.4,102.8,7.9,2.0,a,,,1.0,FUL,False,,1.0,3.2,3.2,0.7111111111111111
498,Senesi,221466.jpg,Spurs,TOT,DEF,6.0,10.4,175,3288,0,6,0.0,4.7,168.6,1114.4,367.8,201.0,a,,,1.0,BRE,False,,1.0,3.2,3.2,0.5333333333333333
148,Hato,551210.jpg,Chelsea,CHE,DEF,4.5,1.0,19,1139,0,0,0.0,0.9,38.4,233.2,114.9,36.0,a,,,1.0,FUL,False,,1.0,3.2,3.2,0.7111111111111111
149,Colwill,460028.jpg,Chelsea,CHE,DEF,5.0,1.7,8,225,0,0,0.0,2.7,8.0,66.0,7.6,6.0,a,,,1.0,FUL,False,,1.0,3.2,3.2,0.64
220,Cardines,590014.jpg,Crystal Palace,CRY,DEF,4.5,0.0,2,90,0,0,0.0,2.0,4.9,15.2,30.0,4.0,a,,,1.0,EVE,False,,1.0,3.2,3.2,0.7111111111111111
150,M.Sarr,574458.jpg,Chelsea,CHE,DEF,4.5,0.1,3,100,0,0,0.0,1.0,1.3,6.4,0.1,7.0,a,,,1.0,FUL,False,,1.0,3.2,3.2,0.7111111111111111
93,Schuster,513086.jpg,Brentford,BRE,DEF,4.5,0.1,0,0,0,0,0.0,0.0,0.0,0.0,0.0,0.0,a,,,1.0,TOT,True,,1.0,3.2,3.2,0.7111111111111111
123,Hinshelwood,532529.jpg,Brighton,BHA,MID,6.0,0.2,91,1736,4,5,0.0,3.4,94.8,312.6,228.0,412.0,a,,,1.0,AVL,True,,1.0,3.193953568964966,3.19,0.5316666666666666
455,Tonali,432422.jpg,Spurs,TOT,MID,5.5,4.2,81,2534,0,2,0.0,2.3,113.4,398.0,534.1,198.0,a,,,1.0,BRE,False,,1.0,3.183982468686386,3.18,0.5781818181818182
99,Milambo,543295.jpg,Brentford,BRE,MID,5.0,0.0,1,45,0,0,0.0,1.0,0.6,4.0,1.8,0.0,d,Knee injury - 75% chance of playing,75.0,0.75,TOT,True,,1.0,4.2,3.15,0.63
481,Anderson,215379.jpg,Man City,MCI,MID,6.5,11.5,180,3332,4,5,0.0,4.7,219.0,915.2,961.5,310.0,a,,,1.0,BOU,True,,1.0,3.1539173508117857,3.15,0.4846153846153846
183,Rudoni,480457.jpg,Coventry City,COV,MID,5.0,0.2,0,0,0,0,0.0,0.0,0.0,0.0,0.0,0.0,d,Shoulder injury - 75% chance of playing,75.0,0.75,ARS,False,,1.0,4.2,3.15,0.63
101,Henderson,56979.jpg,Chelsea,CHE,MID,5.0,0.0,76,1911,1,3,0.0,2.4,74.4,336.6,358.3,49.0,d,Wrist injury - 75% chance of playing,75.0,0.75,FUL,False,,1.0,4.2,3.15,0.63
200,Lacroix,437499.jpg,Chelsea,CHE,DEF,6.0,11.4,154,3085,1,2,0.0,4.4,124.3,822.0,106.4,316.0,a,,,1.0,FUL,False,,1.0,3.142936330963102,3.14,0.5233333333333333
442,Pope,98747.jpg,Newcastle,NEW,GKP,5.0,1.2,96,2416,0,1,0.0,3.6,70.7,671.0,0.0,35.0,a,,,1.0,LIV,True,,1.0,3.127010631373326,3.13,0.626
458,Joelinton,180974.jpg,Newcastle,NEW,MID,5.5,0.1,73,1950,2,1,0.0,2.7,95.0,324.4,296.3,329.0,a,,100.0,1.0,LIV,True,,1.0,3.113885061160657,3.11,0.5654545454545454
21,Nørgaard,128295.jpg,Everton,EVE,MID,5.0,0.7,7,101,0,0,0.0,1.0,4.0,23.4,5.5,10.0,a,,,1.0,CRY,True,,1.0,3.1009065610817603,3.1,0.62
448,Burn,78916.jpg,Newcastle,NEW,DEF,5.0,2.6,93,2195,1,3,0.0,3.2,82.1,525.8,107.3,186.0,a,,,1.0,LIV,True,,1.0,3.0669392956103234,3.07,0.614
68,Tavernier,201658.jpg,Bournemouth,BOU,MID,6.0,1.9,137,2732,7,4,0.0,4.0,207.9,656.8,816.6,605.0,a,,,1.0,MCI,False,,1.0,3.0461069533261083,3.05,0.5083333333333333
250,Leno,80201.jpg,Fulham,FUL,GKP,4.5,3.3,122,3420,0,0,0.0,3.2,81.5,816.2,0.0,0.0,a,,,1.0,CHE,True,,1.0,3.026315789473684,3.03,0.6733333333333333
28,Martinez,98980.jpg,Aston Villa,AVL,GKP,5.0,4.9,120,2835,0,1,0.0,3.8,79.2,769.8,23.2,0.0,a,,,1.0,BHA,False,,1.0,3.022156874151182,3.02,0.604
439,Šeško,485711.jpg,Man Utd,MUN,FWD,7.0,2.3,111,1630,11,2,0.0,3.7,143.4,483.8,156.1,803.0,d,Shin injury - 75% chance of playing,75.0,0.75,HUL,False,,1.0,4.0,3.0,0.42857142857142855
170,Emegha,503037.jpg,Chelsea,CHE,FWD,5.0,0.1,0,0,0,0,0.0,0.0,0.0,0.0,0.0,0.0,d,Hamstring injury - 75% chance of playing,75.0,0.75,FUL,False,,1.0,4.0,3.0,0.6
137,Tzimas,608181.jpg,Brighton,BHA,FWD,5.5,0.0,16,132,1,1,0.0,1.8,17.7,66.6,65.7,44.0,d,Knee injury - 75% chance of playing,75.0,0.75,AVL,True,,1.0,4.0,3.0,0.5454545454545454
229,Tarkowski,17761.jpg,Everton,EVE,DEF,6.0,9.7,170,3330,2,3,0.0,4.6,165.7,995.6,235.6,422.0,a,,,1.0,CRY,True,,1.0,2.989362964357203,2.99,0.49833333333333335
546,Adingra,535818.jpg,Sunderland,SUN,MID,5.0,0.3,34,649,1,1,0.0,2.4,27.0,81.4,116.8,75.0,a,,,1.0,IPS,False,,1.0,2.9553034994207144,2.96,0.592
74,Brooks,111317.jpg,Bournemouth,BOU,MID,5.0,0.2,59,1188,1,3,0.0,1.9,104.1,236.2,384.5,434.0,a,,,1.0,MCI,False,,1.0,2.9423223575883317,2.94,0.588
31,Konsa,199798.jpg,Aston Villa,AVL,DEF,4.5,16.2,100,3035,0,1,0.0,2.9,84.0,601.4,108.3,124.0,a,,,1.0,BHA,False,,1.0,2.9254228919106944,2.93,0.6511111111111112
147,Tosin,109646.jpg,Chelsea,CHE,DEF,4.5,0.2,34,788,0,0,0.0,2.1,29.3,240.4,33.3,19.0,a,,,1.0,FUL,False,,1.0,2.9171514003314973,2.92,0.6488888888888888
319,Szmodics,172453.jpg,Ipswich Town,IPS,MID,5.0,0.1,0,0,0,0,0.0,0.0,0.0,0.0,0.0,0.0,a,,,1.0,SUN,True,,1.0,2.9101364115247104,2.91,0.5820000000000001
254,Robinson,169528.jpg,Fulham,FUL,DEF,4.5,2.5,65,1487,1,0,0.0,3.0,79.3,375.0,334.6,82.0,a,,,1.0,CHE,True,,1.0,2.8992112846564146,2.9,0.6444444444444444
126,O'Riley,219249.jpg,Brighton,BHA,MID,5.5,0.1,16,202,1,0,0.0,2.7,19.6,65.4,67.7,63.0,a,,,1.0,AVL,True,,1.0,2.865700648433614,2.87,0.5218181818181818
502,Robertson,122798.jpg,Spurs,TOT,DEF,4.5,1.9,55,1165,1,0,0.0,2.3,68.2,239.8,318.8,121.0,a,,,1.0,BRE,False,,1.0,2.8127594039732258,2.81,0.6244444444444445
109,Verbruggen,489639.jpg,Brighton,BHA,GKP,4.5,17.8,130,3420,0,0,0.0,3.4,94.7,935.0,10.0,0.0,a,,,1.0,AVL,True,,1.0,2.784801062744757,2.78,0.6177777777777778
224,Nketiah,205533.jpg,Crystal Palace,CRY,FWD,5.5,0.5,23,414,2,0,0.0,1.9,37.8,120.0,84.6,173.0,a,,,1.0,EVE,False,,1.0,2.7720727470908813,2.77,0.5036363636363637
130,Wieffer,467779.jpg,Brighton,BHA,DEF,5.0,0.3,94,1901,2,4,0.0,3.6,97.7,477.0,291.1,209.0,a,,,1.0,AVL,True,,1.0,2.760444006471207,2.76,0.5519999999999999
417,Dalot,216051.jpg,Man Utd,MUN,DEF,5.0,3.1,111,2609,1,6,0.0,3.3,119.6,535.8,458.5,202.0,a,,,1.0,HUL,False,,1.0,2.757054832851779,2.76,0.5519999999999999
317,Hirst,222625.jpg,Ipswich Town,IPS,FWD,5.0,0.4,0,0,0,0,0.0,0.0,0.0,0.0,0.0,0.0,a,,,1.0,SUN,True,,1.0,2.7213967002258235,2.72,0.544
142,James,225796.jpg,Chelsea,CHE,DEF,5.5,8.0,115,1957,2,6,0.0,4.0,106.1,459.0,483.7,116.0,a,,,1.0,FUL,False,,1.0,2.7201653496560203,2.72,0.49454545454545457
36,Maatsen,441302.jpg,Aston Villa,AVL,DEF,4.5,0.6,54,1590,0,1,0.0,1.8,94.3,336.6,373.4,231.0,a,,,1.0,BHA,False,,1.0,2.6977323810934246,2.7,0.6000000000000001
230,Branthwaite,480455.jpg,Everton,EVE,DEF,5.5,1.9,32,678,1,1,0.0,3.2,29.3,175.0,42.8,75.0,a,,,1.0,CRY,True,,1.0,2.7037205247212044,2.7,0.49090909090909096
440,Zirkzee,458249.jpg,Man Utd,MUN,FWD,5.5,0.6,42,607,2,1,0.0,1.8,58.3,164.4,177.7,245.0,a,,,1.0,HUL,False,,1.0,2.646577059354957,2.65,0.4818181818181818
159,Caicedo,486672.jpg,Chelsea,CHE,MID,5.5,4.1,110,2796,3,1,0.0,3.3,109.2,562.4,403.1,128.0,a,,,1.0,FUL,False,,1.0,2.6053634616642296,2.61,0.47454545454545455
243,Alcaraz,502697.jpg,Everton,EVE,MID,5.0,0.1,29,679,0,1,0.0,1.4,41.8,93.8,161.9,162.0,a,,,1.0,CRY,True,,1.0,2.6030751045638314,2.6,0.52
46,Barkley,88894.jpg,Aston Villa,AVL,MID,5.0,0.2,56,844,3,2,0.0,2.7,58.1,227.8,162.3,191.0,a,,,1.0,BHA,False,,1.0,2.6030751045638314,2.6,0.52
86,Lewis-Potter,249231.jpg,Brentford,BRE,MID,5.5,0.5,115,1960,3,4,0.0,3.2,106.4,378.2,332.2,353.0,a,,,1.0,TOT,True,,1.0,2.601582289270065,2.6,0.4727272727272727
32,Cash,199796.jpg,Aston Villa,AVL,DEF,4.5,8.0,117,3016,3,3,0.0,3.3,137.5,643.0,510.7,221.0,a,,,1.0,BHA,False,,1.0,2.571359524033276,2.57,0.5711111111111111
129,Ayari,509416.jpg,Brighton,BHA,MID,5.5,0.8,98,1921,3,4,0.0,3.4,84.5,359.8,251.3,231.0,a,,,1.0,AVL,True,,1.0,2.5736816874072175,2.57,0.46727272727272723
45,McGinn,122806.jpg,Aston Villa,AVL,MID,5.5,2.7,103,2136,5,4,0.0,3.4,137.3,459.8,605.3,309.0,a,,,1.0,BHA,False,,1.0,2.54941896713923,2.55,0.4636363636363636
422,Mazraoui,230001.jpg,Man Utd,MUN,DEF,4.5,0.8,53,977,0,0,0.0,2.6,36.8,209.0,122.4,37.0,a,,,1.0,HUL,False,,1.0,2.5430741028641504,2.54,0.5644444444444444
456,J.Ramsey,232653.jpg,Newcastle,NEW,MID,5.0,0.4,62,1441,2,3,0.0,2.2,79.9,304.4,330.3,165.0,a,,,1.0,LIV,True,,1.0,2.5266943762708394,2.53,0.506
232,O'Brien,512462.jpg,Everton,EVE,DEF,5.0,0.5,116,3118,1,3,0.0,3.1,107.5,582.8,282.9,206.0,a,,,1.0,CRY,True,,1.0,2.526211942347362,2.53,0.506
371,Gravenberch,441266.jpg,Liverpool,LIV,MID,6.0,2.0,144,2991,5,5,0.0,4.0,140.1,687.0,497.2,220.0,a,,,1.0,NEW,False,,1.0,2.518684342956397,2.52,0.42
518,P.M.Sarr,482442.jpg,Spurs,TOT,MID,5.0,0.4,71,1388,2,4,0.0,2.7,68.2,336.0,188.3,156.0,a,,,1.0,BRE,False,,1.0,2.5060904798240213,2.51,0.502
27,G.Jesus,205651.jpg,Arsenal,ARS,FWD,6.0,0.4,24,418,3,0,0.0,1.7,47.5,141.8,54.3,281.0,a,,,1.0,COV,True,,1.0,2.484753508901839,2.48,0.41333333333333333
112,Van Hecke,469142.jpg,Spurs,TOT,DEF,5.0,8.4,148,3210,3,3,0.0,4.1,152.0,980.6,240.4,295.0,a,,,1.0,BRE,False,,1.0,2.4609503593953805,2.46,0.492
514,Tel,511499.jpg,Spurs,TOT,MID,6.0,0.4,78,1334,4,2,0.0,2.5,107.6,303.4,457.2,312.0,a,,,1.0,BRE,False,,1.0,2.4628614075018227,2.46,0.41
231,Keane,106611.jpg,Everton,EVE,DEF,5.0,1.6,131,2588,3,1,0.0,4.0,111.7,770.4,47.4,299.0,a,,,1.0,CRY,True,,1.0,2.44335226223617,2.44,0.488
313,Clarke,443261.jpg,Ipswich Town,IPS,MID,5.5,0.3,0,0,0,0,0.0,0.0,0.0,0.0,0.0,0.0,a,,,1.0,SUN,True,,1.0,2.4306374302657336,2.43,0.44181818181818183
346,Calvert-Lewin,177815.jpg,Leeds,LEE,FWD,6.0,25.0,142,2721,14,2,0.0,4.1,194.7,619.6,311.1,1026.0,a,,,1.0,NFO,False,,1.0,2.422360354401465,2.42,0.4033333333333333
245,Dibling,496661.jpg,Everton,EVE,MID,5.5,0.1,18,349,0,0,0.0,1.3,13.6,46.0,61.0,32.0,a,,,1.0,CRY,True,,1.0,2.424554449096496,2.42,0.44
533,Mukiele,200834.jpg,Sunderland,SUN,DEF,5.5,5.5,151,2784,3,5,0.0,4.7,132.9,733.6,353.1,242.0,d,Knock - 75% chance of playing,75.0,0.75,IPS,False,,1.0,3.2,2.4,0.43636363636363634
283,Jacob,449428.jpg,Hull City,HUL,DEF,4.0,0.0,0,0,0,0,0.0,0.0,0.0,0.0,0.0,0.0,d,Hip injury - 75% chance of playing,75.0,0.75,MUN,True,,1.0,3.2,2.4,0.6
512,Kudus,460842.jpg,Spurs,TOT,MID,6.5,0.2,75,1535,2,6,0.0,3.9,104.7,333.4,413.8,302.0,d,Thigh injury - 75% chance of playing,75.0,0.75,BRE,False,,1.0,3.2060426572386955,2.4,0.3692307692307692
535,Alderete,201895.jpg,Sunderland,SUN,DEF,5.0,0.8,125,2797,1,1,0.0,3.8,117.0,749.0,138.1,279.0,d,Knock - 75% chance of playing,75.0,0.75,IPS,False,,1.0,3.2,2.4,0.48
202,Richards,427623.jpg,Crystal Palace,CRY,DEF,5.0,0.8,128,2825,1,0,0.0,3.9,107.6,727.2,159.6,185.0,a,,,1.0,EVE,False,,1.0,2.387672110862228,2.39,0.47800000000000004
98,Janelt,204580.jpg,Brentford,BRE,MID,5.0,0.1,74,1434,1,4,0.0,3.0,79.0,350.4,351.8,97.0,a,,,1.0,TOT,True,,1.0,2.3679066054950857,2.37,0.47400000000000003
489,Yates,204968.jpg,Nott'm Forest,NFO,MID,4.5,7.0,30,602,0,2,0.0,1.4,27.2,139.0,79.7,55.0,a,,,1.0,LEE,True,,1.0,2.3649022837775973,2.36,0.5244444444444444
395,Lewis,477064.jpg,Man City,MCI,DEF,4.5,0.2,19,401,0,1,0.0,1.7,23.8,70.8,112.5,55.0,a,,,1.0,BOU,True,,1.0,2.337611832870787,2.34,0.52
71,Cook,155408.jpg,Bournemouth,BOU,MID,5.0,0.1,40,872,0,1,0.0,2.2,40.6,206.8,183.8,12.0,a,,,1.0,MCI,False,,1.0,2.3132727681426206,2.31,0.462
460,Willock,200089.jpg,Newcastle,NEW,MID,5.0,0.1,38,972,0,2,0.0,1.6,55.5,145.4,205.8,204.0,a,,,1.0,LIV,True,,1.0,2.2997718593457663,2.3,0.45999999999999996
450,Livramento,441191.jpg,Newcastle,NEW,DEF,5.0,0.1,59,1326,0,1,0.0,3.5,46.1,219.4,199.7,42.0,d,Calf injury - 75% chance of playing,75.0,0.75,LIV,True,,1.0,3.0348848933344197,2.28,0.45599999999999996
212,Hughes,108413.jpg,Crystal Palace,CRY,MID,4.5,11.1,45,1560,0,1,0.0,1.5,60.9,198.0,322.9,90.0,a,,,1.0,EVE,False,,1.0,2.2500626557692165,2.25,0.5
97,Jensen,207283.jpg,Brentford,BRE,MID,5.5,0.2,98,2239,3,2,0.0,2.7,126.9,435.6,632.7,201.0,a,,,1.0,TOT,True,,1.0,2.2481103175778543,2.25,0.4090909090909091
33,Mings,149484.jpg,Aston Villa,AVL,DEF,4.5,0.2,50,1322,0,1,0.0,2.9,46.8,282.6,80.5,105.0,a,,,1.0,BHA,False,,1.0,2.236373322833903,2.24,0.4977777777777778
10,White,198869.jpg,Arsenal,ARS,DEF,5.5,0.8,45,699,0,1,0.0,3.8,34.3,154.8,133.4,54.0,a,,100.0,1.0,COV,True,,1.0,2.2278124706232862,2.23,0.40545454545454546
44,Bailey,215711.jpg,Aston Villa,AVL,MID,5.5,0.1,21,450,0,2,0.0,1.6,30.1,71.2,160.4,69.0,a,,,1.0,BHA,False,,1.0,2.21069059032786,2.21,0.4018181818181818
443,Gillespie,81441.jpg,Newcastle,NEW,GKP,4.5,0.0,0,0,0,0,0.0,0.0,0.0,0.0,0.0,0.0,a,,,1.0,LIV,True,,1.0,2.2,2.2,0.48888888888888893
497,Dubravka,67089.jpg,Spurs,TOT,GKP,4.0,22.7,96,3150,0,0,0.0,2.7,97.9,976.4,0.0,0.0,a,,,1.0,BRE,False,,1.0,2.2,2.2,0.55
412,Lammens,465247.jpg,Man Utd,MUN,GKP,5.0,19.8,109,2880,0,0,0.0,3.4,63.7,635.6,0.0,2.0,a,,,1.0,HUL,False,,1.0,2.2,2.2,0.44000000000000006
496,Kinsky,485055.jpg,Spurs,TOT,GKP,4.5,19.5,20,630,0,0,0.0,2.9,10.3,102.6,0.0,0.0,a,,,1.0,BRE,False,,1.0,2.2,2.2,0.48888888888888893
567,Horníček,470551.jpg,Newcastle,NEW,GKP,5.0,0.4,0,0,0,0,0.0,0.0,0.0,0.0,0.0,0.0,a,,,1.0,LIV,True,,1.0,2.2,2.2,0.44000000000000006
350,A.Becker,116535.jpg,Liverpool,LIV,GKP,5.5,4.0,91,2340,0,0,0.0,3.5,47.8,479.8,0.1,0.0,a,,,1.0,NEW,False,,1.0,2.2,2.2,0.4
531,Ellborg,515046.jpg,Sunderland,SUN,GKP,4.5,0.1,16,270,0,0,0.0,5.3,7.4,73.6,0.0,0.0,a,,,1.0,IPS,False,,1.0,2.2,2.2,0.48888888888888893
352,Woodman,155503.jpg,Liverpool,LIV,GKP,4.0,1.2,6,212,0,0,0.0,2.0,8.4,83.8,0.0,0.0,a,,,1.0,NEW,False,,1.0,2.2,2.2,0.55
444,Jaouen,554578.jpg,Newcastle,NEW,GKP,4.5,0.1,0,0,0,0,0.0,0.0,0.0,0.0,0.0,0.0,a,,,1.0,LIV,True,,1.0,2.2,2.2,0.48888888888888893
529,Roefs,498016.jpg,Sunderland,SUN,GKP,5.0,4.9,136,3150,0,0,0.0,3.9,93.1,881.6,50.0,0.0,a,,,1.0,IPS,False,,1.0,2.2,2.2,0.44000000000000006
353,Pecsi,586268.jpg,Liverpool,LIV,GKP,4.0,0.1,0,0,0,0,0.0,0.0,0.0,0.0,0.0,0.0,a,,,1.0,NEW,False,,1.0,2.2,2.2,0.55
384,Donnarumma,204936.jpg,Man City,MCI,GKP,5.5,11.0,135,3060,0,0,0.0,4.0,68.0,666.6,10.3,2.0,a,,,1.0,BOU,True,,1.0,2.2,2.2,0.4
351,Mamardashvili,449027.jpg,Liverpool,LIV,GKP,5.0,0.2,34,867,0,0,0.0,3.4,27.5,275.6,0.0,0.0,a,,,1.0,NEW,False,,1.0,2.2,2.2,0.44000000000000006
530,Patterson,232571.jpg,Sunderland,SUN,GKP,4.0,1.0,0,0,0,0,0.0,0.0,0.0,0.0,0.0,0.0,a,,,1.0,IPS,False,,1.0,2.2,2.2,0.55
385,Trafford,432720.jpg,Leeds,LEE,GKP,5.0,2.2,13,360,0,0,0.0,3.2,11.9,118.0,0.0,0.0,a,,,1.0,NFO,False,,1.0,2.2,2.2,0.44000000000000006
468,John,221389.jpg,Nott'm Forest,NFO,GKP,4.5,0.1,11,437,0,0,0.0,2.2,5.7,56.4,0.0,0.0,a,,,1.0,LEE,True,,1.0,2.2,2.2,0.48888888888888893
1,Raya,154561.jpg,Arsenal,ARS,GKP,6.0,31.0,162,3330,0,0,0.0,4.4,57.5,541.6,33.5,0.0,a,,,1.0,COV,True,,1.0,2.2,2.2,0.3666666666666667
199,Benitez,121709.jpg,Crystal Palace,CRY,GKP,4.5,0.1,7,90,0,0,0.0,7.0,2.3,22.8,0.0,0.0,a,,,1.0,EVE,False,,1.0,2.2,2.2,0.48888888888888893
302,Button,50093.jpg,Ipswich Town,IPS,GKP,4.0,0.5,0,0,0,0,0.0,0.0,0.0,0.0,0.0,0.0,a,,,1.0,SUN,True,,1.0,2.2,2.2,0.55
171,Dovin,484389.jpg,Coventry City,COV,GKP,4.0,2.5,0,0,0,0,0.0,0.0,0.0,0.0,0.0,0.0,a,,,1.0,ARS,False,,1.0,2.2,2.2,0.55
172,Wilson,110690.jpg,Coventry City,COV,GKP,4.5,0.6,0,0,0,0,0.0,0.0,0.0,0.0,0.0,0.0,a,,,1.0,ARS,False,,1.0,2.2,2.2,0.48888888888888893
29,M.Bizot,72147.jpg,Aston Villa,AVL,GKP,4.5,0.1,16,585,0,0,0.0,2.3,13.9,139.2,0.0,0.0,a,,,1.0,BHA,False,,1.0,2.2,2.2,0.48888888888888893
141,Jörgensen,508479.jpg,Chelsea,CHE,GKP,5.0,0.1,9,378,0,0,0.0,1.8,7.9,79.8,0.0,0.0,a,,,1.0,FUL,False,,1.0,2.2,2.2,0.44000000000000006
140,Sánchez,215059.jpg,Chelsea,CHE,GKP,5.0,2.0,113,3040,0,1,0.0,3.2,86.7,822.2,50.0,0.0,a,,,1.0,FUL,False,,1.0,2.2,2.2,0.44000000000000006
572,Tzolakis,473284.jpg,Hull City,HUL,GKP,4.5,0.2,0,0,0,0,0.0,0.0,0.0,0.0,0.0,0.0,a,,,1.0,MUN,True,,1.0,2.2,2.2,0.48888888888888893
64,Smith,54469.jpg,Bournemouth,BOU,DEF,4.5,0.1,58,1073,0,2,0.0,2.6,27.1,176.2,76.6,18.0,a,,,1.0,MCI,False,,1.0,2.2026866548307504,2.2,0.48888888888888893
251,Lecomte,86873.jpg,Fulham,FUL,GKP,4.0,1.4,0,0,0,0,0.0,0.0,0.0,0.0,0.0,0.0,a,,,1.0,CHE,True,,1.0,2.2,2.2,0.55
252,McNally,505079.jpg,Fulham,FUL,GKP,4.0,0.2,0,0,0,0,0.0,0.0,0.0,0.0,0.0,0.0,a,,,1.0,CHE,True,,1.0,2.2,2.2,0.55
560,Penders,549939.jpg,Chelsea,CHE,GKP,4.5,0.1,0,0,0,0,0.0,0.0,0.0,0.0,0.0,0.0,a,,,1.0,FUL,False,,1.0,2.2,2.2,0.48888888888888893
273,Phillips,167825.jpg,Hull City,HUL,GKP,4.0,2.0,0,0,0,0,0.0,0.0,0.0,0.0,0.0,0.0,a,,,1.0,MUN,True,,1.0,2.2,2.2,0.55
83,Valdimarsson,507433.jpg,Brentford,BRE,GKP,4.5,0.1,1,90,0,0,0.0,1.0,1.3,13.0,0.0,0.0,a,,,1.0,TOT,True,,1.0,2.2,2.2,0.48888888888888893
276,Lo-Tutala,444307.jpg,Hull City,HUL,GKP,4.0,0.2,0,0,0,0,0.0,0.0,0.0,0.0,0.0,0.0,a,,,1.0,MUN,True,,1.0,2.2,2.2,0.55
554,Van Oevelen,546600.jpg,Ipswich Town,IPS,GKP,4.5,0.1,0,0,0,0,0.0,0.0,0.0,0.0,0.0,0.0,a,,,1.0,SUN,True,,1.0,2.2,2.2,0.48888888888888893
82,Kelleher,200720.jpg,Brentford,BRE,GKP,5.0,5.7,143,3330,0,0,0.0,3.9,93.8,913.8,23.0,0.0,a,,,1.0,TOT,True,,1.0,2.2,2.2,0.44000000000000006
564,Scherpen,240514.jpg,Ipswich Town,IPS,GKP,4.5,0.4,0,0,0,0,0.0,0.0,0.0,0.0,0.0,0.0,a,,,1.0,SUN,True,,1.0,2.2,2.2,0.48888888888888893
326,Perri,201595.jpg,Leeds,LEE,GKP,4.5,0.7,43,1440,0,0,0.0,2.7,32.2,322.4,0.0,0.0,a,,,1.0,NFO,False,,1.0,2.2,2.2,0.48888888888888893
3,Meslier,437495.jpg,Arsenal,ARS,GKP,5.0,0.1,0,0,11,0,0.0,0.0,0.0,0.0,0.0,0.0,a,,,1.0,COV,True,,1.0,2.2,2.2,0.44000000000000006
2,Arrizabalaga,109745.jpg,Arsenal,ARS,GKP,5.0,0.1,2,90,0,0,0.0,2.0,2.0,19.8,0.0,0.0,a,,,1.0,COV,True,,1.0,2.2,2.2,0.44000000000000006
318,Philogene,481624.jpg,Ipswich Town,IPS,MID,5.5,0.2,0,0,0,0,0.0,0.0,0.0,0.0,0.0,0.0,a,,,1.0,SUN,True,,1.0,2.188949519746858,2.19,0.3981818181818182
494,Vicario,184254.jpg,Spurs,TOT,GKP,4.5,1.4,90,2790,0,0,0.0,2.9,72.2,709.2,10.1,0.0,a,,,1.0,BRE,False,,1.0,2.185478389157322,2.19,0.48666666666666664
144,Gusto,482609.jpg,Chelsea,CHE,DEF,5.0,1.1,96,2255,2,3,0.0,2.8,109.8,443.6,448.5,205.0,a,,,1.0,FUL,False,,1.0,2.1450775474446995,2.15,0.43
470,Morato,485047.jpg,Nott'm Forest,NFO,DEF,5.0,0.1,53,1340,1,0,0.0,2.5,50.5,371.2,37.6,96.0,a,,,1.0,LEE,True,,1.0,2.1297887219158618,2.13,0.426
8,Calafiori,466075.jpg,Arsenal,ARS,DEF,5.5,17.5,109,1697,1,2,0.0,4.2,77.9,283.0,182.3,313.0,a,,,1.0,COV,True,,1.0,2.1232556276768557,2.12,0.3854545454545455
47,Kamara,226944.jpg,Aston Villa,AVL,MID,5.0,0.1,61,1410,1,3,0.0,3.4,64.2,325.0,241.3,75.0,a,,100.0,1.0,BHA,False,,1.0,2.115144725379879,2.12,0.42400000000000004
257,Bassey,232892.jpg,Fulham,FUL,DEF,4.5,0.6,103,2532,1,1,0.0,3.4,84.5,574.0,152.2,115.0,a,,,1.0,CHE,True,,1.0,2.081798964699776,2.08,0.46222222222222226
527,Richarlison,212319.jpg,Spurs,TOT,FWD,6.0,2.0,119,1954,11,4,0.0,3.7,165.2,602.6,239.6,815.0,a,,,1.0,BRE,False,,1.0,2.0706279240848655,2.07,0.345
100,Carvalho,244858.jpg,Brentford,BRE,MID,5.0,0.0,13,100,1,0,0.0,2.2,8.1,39.0,6.5,36.0,a,,100.0,1.0,TOT,True,,1.0,2.0706279240848655,2.07,0.414
323,McAteer,461587.jpg,Ipswich Town,IPS,MID,4.5,1.5,0,0,0,0,0.0,0.0,0.0,0.0,0.0,0.0,a,,,1.0,SUN,True,,1.0,2.0706279240848655,2.07,0.45999999999999996
73,Adams,200785.jpg,Bournemouth,BOU,MID,5.0,0.7,77,1769,2,2,0.0,3.1,66.3,387.0,158.2,115.0,a,,,1.0,MCI,False,,1.0,2.0166950484276356,2.02,0.404
339,Longstaff,180135.jpg,Leeds,LEE,MID,5.0,0.2,56,1003,2,2,0.0,2.4,81.2,291.8,403.7,116.0,a,,,1.0,NFO,False,,1.0,2.0114671262538693,2.01,0.40199999999999997
215,Devenny,489706.jpg,Crystal Palace,CRY,MID,5.0,0.0,36,785,1,0,0.0,1.7,38.4,115.0,101.8,168.0,a,,,1.0,EVE,False,,1.0,2.0114671262538693,2.01,0.40199999999999997
500,Romero,221632.jpg,Spurs,TOT,DEF,5.0,1.1,91,1869,4,1,0.0,4.0,93.2,574.8,133.6,223.0,a,,,1.0,BRE,False,,1.0,2.003982431135496,2.0,0.4
332,Justin,220627.jpg,Leeds,LEE,DEF,4.5,0.5,94,1893,2,1,0.0,3.2,88.3,469.8,190.9,220.0,a,,,1.0,NFO,False,,1.0,1.9963276000295336,2.0,0.4444444444444444
153,Disasi,220362.jpg,Chelsea,CHE,DEF,4.5,0.1,0,0,0,0,0.0,0.0,0.0,0.0,0.0,0.0,a,,,1.0,FUL,False,,1.0,1.9523063284228732,1.95,0.43333333333333335
383,Elliott,444884.jpg,Liverpool,LIV,MID,5.5,0.1,5,110,0,0,0.0,1.0,7.4,11.8,31.7,31.0,a,,,1.0,NEW,False,,1.0,1.9523063284228732,1.95,0.35454545454545455
520,Bergvall,570526.jpg,Spurs,TOT,MID,5.5,0.2,49,955,1,3,0.0,2.1,41.5,164.6,106.4,147.0,a,,,1.0,BRE,False,,1.0,1.954751296605005,1.95,0.35454545454545455
266,Cairney,76357.jpg,Fulham,FUL,MID,5.0,0.0,41,756,2,0,0.0,1.7,41.4,153.4,195.6,64.0,a,,,1.0,CHE,True,,1.0,1.9523063284228732,1.95,0.39
492,Awoniyi,210156.jpg,Nott'm Forest,NFO,FWD,5.5,0.4,43,480,4,2,0.0,2.5,48.4,177.2,79.0,235.0,a,,,1.0,LEE,True,,1.0,1.8931455305918772,1.89,0.34363636363636363
80,Enes Ünal,168636.jpg,Bournemouth,BOU,FWD,5.5,0.2,27,214,1,0,0.0,1.2,19.1,70.2,25.0,104.0,a,,,1.0,MCI,False,,1.0,1.8931455305918772,1.89,0.34363636363636363
487,Dominguez,250199.jpg,Nott'm Forest,NFO,MID,5.0,0.1,48,1168,1,1,0.0,1.8,59.7,264.8,193.5,138.0,a,,,1.0,LEE,True,,1.0,1.8800133644467272,1.88,0.376
85,Van den Berg,444765.jpg,Brentford,BRE,DEF,5.0,0.7,113,2761,0,3,0.0,3.5,106.3,659.0,98.0,305.0,a,,,1.0,TOT,True,,1.0,1.8770458937580383,1.88,0.376
419,Martinez,221820.jpg,Man Utd,MUN,DEF,5.0,0.5,51,1229,0,0,0.0,2.8,42.0,302.8,94.9,19.0,d,Thigh injury - 75% chance of playing,75.0,0.75,HUL,False,,1.0,2.5008940659851047,1.88,0.376
34,Pau,244954.jpg,Aston Villa,AVL,DEF,4.5,0.3,64,1673,0,2,0.0,3.0,45.1,321.8,47.1,79.0,a,,,1.0,BHA,False,,1.0,1.8837531278176862,1.88,0.41777777777777775
213,Lerma,152551.jpg,Crystal Palace,CRY,MID,5.0,0.1,69,1722,0,5,0.0,2.2,72.5,287.6,207.2,233.0,a,,,1.0,EVE,False,,1.0,1.8734604159093224,1.87,0.374
516,Bentancur,202993.jpg,Spurs,TOT,MID,5.5,0.2,86,1880,1,1,0.0,3.3,67.4,349.0,197.8,124.0,a,,,1.0,BRE,False,,1.0,1.8621026253726642,1.86,0.3381818181818182
505,Spence,232859.jpg,Spurs,TOT,DEF,4.5,8.4,78,2049,0,0,0.0,2.6,70.5,291.0,209.7,207.0,a,,,1.0,BRE,False,,1.0,1.855124739123102,1.86,0.41333333333333333
387,O'Reilly,472769.jpg,Man City,MCI,DEF,6.5,22.3,160,2643,5,4,0.0,4.7,164.1,653.8,413.9,573.0,a,,,1.0,BOU,True,,1.0,1.833984732760881,1.83,0.28153846153846157
486,McAtee,432714.jpg,Nott'm Forest,NFO,MID,5.5,0.0,17,288,0,1,0.0,1.2,17.3,51.6,82.0,39.0,a,,,1.0,LEE,True,,1.0,1.833984732760881,1.83,0.33272727272727276
256,Tete,167074.jpg,Fulham,FUL,DEF,4.5,0.2,81,1791,1,0,0.0,3.7,73.9,416.0,214.1,108.0,a,,,1.0,CHE,True,,1.0,1.7908993079693412,1.79,0.3977777777777778
267,Lukić,212314.jpg,Ipswich Town,IPS,MID,5.0,0.1,67,1730,1,4,0.0,2.6,93.4,317.6,441.6,176.0,a,,,1.0,SUN,True,,1.0,1.7785596575047757,1.78,0.356
210,Wharton,496221.jpg,Crystal Palace,CRY,MID,5.5,0.4,112,2552,1,6,0.0,3.3,139.6,494.4,720.0,180.0,a,,100.0,1.0,EVE,False,,1.0,1.7831220241048766,1.78,0.32363636363636367
418,Maguire,95658.jpg,Man Utd,MUN,DEF,5.0,9.5,90,1649,1,2,0.0,3.9,63.0,381.6,62.5,184.0,a,,,1.0,HUL,False,,1.0,1.7653369877541916,1.77,0.354
214,Kamada,209400.jpg,Crystal Palace,CRY,MID,5.0,0.3,67,1899,0,2,0.0,2.4,74.5,239.2,350.1,155.0,a,,,1.0,EVE,False,,1.0,1.7618856902444018,1.76,0.352
102,Yarmoliuk,508395.jpg,Brentford,BRE,MID,5.0,1.5,104,2652,1,3,0.0,2.8,83.4,445.0,273.0,117.0,a,,,1.0,TOT,True,,1.0,1.7469157542608833,1.75,0.35
258,Castagne,166477.jpg,Fulham,FUL,DEF,4.5,0.2,61,1838,0,2,0.0,2.0,86.2,373.0,292.2,195.0,a,,,1.0,CHE,True,,1.0,1.747031403712976,1.75,0.3888888888888889
265,Berge,207189.jpg,Fulham,FUL,MID,5.0,0.4,91,2904,0,3,0.0,2.6,91.0,437.8,365.1,105.0,a,,,1.0,CHE,True,,1.0,1.7307368746143879,1.73,0.346
238,Grealish,114283.jpg,Man City,MCI,MID,6.5,0.1,79,1627,2,6,0.0,4.0,129.2,374.2,520.5,397.0,d,Foot injury - 75% chance of playing,75.0,0.75,BOU,True,,1.0,2.2481103175778543,1.69,0.26
503,Van de Ven,491279.jpg,Spurs,TOT,DEF,5.0,7.1,116,3041,4,1,0.0,3.3,99.6,683.4,95.2,218.0,a,,,1.0,BRE,False,,1.0,1.6803066839572876,1.68,0.33599999999999997
522,Gray,547701.jpg,Spurs,TOT,MID,5.0,0.2,61,1471,2,2,0.0,2.5,55.5,259.4,138.1,158.0,a,,,1.0,BRE,False,,1.0,1.6554762166094075,1.66,0.33199999999999996
325,Darlow,59735.jpg,Man Utd,MUN,GKP,4.5,0.0,71,1980,0,0,0.0,3.2,53.4,531.4,0.0,0.0,d,Unspecified injury - 75% chance of playing,75.0,0.75,HUL,False,,1.0,2.2,1.65,0.36666666666666664
91,Pinnock,231065.jpg,Brentford,BRE,DEF,4.5,0.1,14,318,0,0,0.0,3.5,12.3,88.6,1.2,33.0,a,,,1.0,TOT,True,,1.0,1.6541823033483511,1.65,0.36666666666666664
24,Nelson,200641.jpg,Arsenal,ARS,MID,5.5,0.0,13,118,0,1,0.0,1.3,10.0,42.6,32.6,29.0,a,,,1.0,COV,True,,1.0,1.597341541436896,1.6,0.29090909090909095
37,Lindelöf,184667.jpg,Aston Villa,AVL,DEF,4.5,0.2,29,942,0,1,0.0,1.7,22.7,167.8,36.6,22.0,a,,,1.0,BHA,False,,1.0,1.597341541436896,1.6,0.35555555555555557
88,Kayode,607464.jpg,Brentford,BRE,DEF,4.5,3.7,113,3258,1,2,0.0,3.1,121.7,613.8,470.2,130.0,a,,,1.0,TOT,True,,1.0,1.597341541436896,1.6,0.35555555555555557
432,Mainoo,516895.jpg,Man Utd,MUN,MID,5.5,1.3,73,1653,1,2,0.0,2.6,82.1,365.0,360.1,94.0,a,,,1.0,HUL,False,,1.0,1.5931762784505552,1.59,0.2890909090909091
87,Ajer,191866.jpg,Brentford,BRE,DEF,4.5,1.7,76,1805,0,2,0.0,2.8,62.7,401.4,59.1,165.0,a,,,1.0,TOT,True,,1.0,1.5855172384761311,1.59,0.35333333333333333
161,Lavia,514356.jpg,Chelsea,CHE,MID,5.0,0.1,13,374,0,0,0.0,1.1,9.5,34.4,46.6,14.0,a,,,1.0,FUL,False,,1.0,1.5381807436059003,1.54,0.308
315,Fatawu,531442.jpg,Ipswich Town,IPS,MID,5.5,0.3,0,0,0,0,0.0,0.0,0.0,0.0,0.0,0.0,a,,,1.0,SUN,True,,1.0,1.5381807436059003,1.54,0.28
7,Lewis-Skelly,499169.jpg,Arsenal,ARS,MID,5.5,0.3,29,697,0,0,0.0,1.4,17.6,73.2,74.6,29.0,a,,,1.0,COV,True,,1.0,1.5429172221381509,1.54,0.28
69,Scott,503139.jpg,Bournemouth,BOU,MID,6.0,1.6,136,2848,3,2,0.0,3.7,139.0,597.2,482.0,314.0,a,,,1.0,MCI,False,,1.0,1.5381807436059003,1.54,0.25666666666666665
305,Davis,455084.jpg,Ipswich Town,IPS,DEF,4.0,4.8,0,0,0,0,0.0,0.0,0.0,0.0,0.0,0.0,a,,,1.0,SUN,True,,1.0,1.5282664347292267,1.53,0.3825
506,Udogie,487053.jpg,Spurs,TOT,DEF,4.5,0.4,29,1335,0,1,0.0,1.4,49.8,207.2,187.0,103.0,a,,,1.0,BRE,False,,1.0,1.5090661234375407,1.51,0.33555555555555555
430,Mount,184341.jpg,Man Utd,MUN,MID,5.5,0.1,58,1010,3,0,0.0,2.5,58.0,201.2,214.1,165.0,a,,,1.0,HUL,False,,1.0,1.479019945774904,1.48,0.2690909090909091
116,Dunk,83299.jpg,Brighton,BHA,DEF,4.5,0.8,100,2837,1,1,0.0,3.0,98.7,649.6,125.5,210.0,a,,,1.0,AVL,True,,1.0,1.484383413138512,1.48,0.3288888888888889
304,O'Shea,216616.jpg,Ipswich Town,IPS,DEF,4.0,2.4,0,0,0,0,0.0,0.0,0.0,0.0,0.0,0.0,a,,,1.0,SUN,True,,1.0,1.3496124847015911,1.35,0.3375
259,Diop,219924.jpg,Ipswich Town,IPS,DEF,4.0,18.6,31,812,1,0,0.0,2.4,23.0,190.8,8.0,31.0,a,,,1.0,SUN,True,,1.0,1.306210695291523,1.31,0.3275
216,Esse,606921.jpg,Crystal Palace,CRY,MID,5.0,0.1,4,40,0,0,0.0,1.0,1.5,6.8,2.7,6.0,a,,,1.0,EVE,False,,1.0,1.3015375522819157,1.3,0.26
240,Iroegbunam,490094.jpg,Everton,EVE,MID,5.0,0.1,68,1477,0,3,0.0,2.3,45.9,255.0,125.2,81.0,a,,,1.0,CRY,True,,1.0,1.3015375522819157,1.3,0.26
307,Johnson,222018.jpg,Ipswich Town,IPS,DEF,4.0,0.1,0,0,0,0,0.0,0.0,0.0,0.0,0.0,0.0,a,,,1.0,SUN,True,,1.0,1.2584274448704957,1.26,0.315
374,Endo,158983.jpg,Liverpool,LIV,MID,5.0,0.0,12,170,0,1,0.0,1.5,8.0,56.0,18.1,6.0,a,,100.0,1.0,NEW,False,,1.0,1.2423767544509194,1.24,0.248
306,Greaves,449429.jpg,Ipswich Town,IPS,DEF,4.0,0.6,0,0,0,0,0.0,0.0,0.0,0.0,0.0,0.0,a,,,1.0,SUN,True,,1.0,1.212626021887255,1.21,0.3025
488,Sangaré,210462.jpg,Nott'm Forest,NFO,MID,5.0,0.6,89,2073,2,2,0.0,3.2,76.8,434.4,205.9,126.0,a,,,1.0,LEE,True,,1.0,1.1832159566199232,1.18,0.236
408,Phillips,155405.jpg,Man City,MCI,MID,5.0,0.0,0,0,0,0,0.0,0.0,0.0,0.0,0.0,0.0,a,,,1.0,BOU,True,,1.0,1.1843067214766902,1.18,0.236
508,Davies,115556.jpg,Spurs,TOT,DEF,4.0,0.8,10,136,1,0,0.0,3.3,14.2,67.4,22.2,52.0,a,,,1.0,BRE,False,,1.0,1.1820204690327103,1.18,0.295
108,Wilson,75115.jpg,Brentford,BRE,FWD,5.5,0.4,0,0,0,0,0.0,0.0,0.0,0.0,0.0,0.0,a,,,1.0,TOT,True,,1.0,1.1240551587889271,1.12,0.20363636363636364
218,Doucouré,438464.jpg,Crystal Palace,CRY,MID,5.0,0.1,0,0,0,0,0.0,0.0,0.0,0.0,0.0,0.0,a,,,1.0,EVE,False,,1.0,1.1240551587889271,1.12,0.22400000000000003
58,Forster,40383.jpg,Bournemouth,BOU,GKP,4.0,3.1,0,0,0,0,0.0,0.0,0.0,0.0,0.0,0.0,a,,,1.0,MCI,False,,1.0,1.1240551587889271,1.12,0.28
523,Moore,499721.jpg,Spurs,TOT,MID,5.0,0.1,0,0,0,0,0.0,0.0,0.0,0.0,0.0,0.0,a,,,1.0,BRE,False,,1.0,1.1240551587889271,1.12,0.22400000000000003
227,Travers,229600.jpg,Everton,EVE,GKP,5.0,0.1,0,0,0,0,0.0,0.0,0.0,0.0,0.0,0.0,a,,,1.0,CRY,True,,1.0,1.1240551587889271,1.12,0.22400000000000003
465,Osula,538207.jpg,Newcastle,NEW,FWD,6.0,1.3,76,805,7,1,0.0,3.2,62.2,256.6,82.6,284.0,a,,,1.0,LIV,True,,1.0,1.1240551587889271,1.12,0.18666666666666668
447,Botman,220237.jpg,Newcastle,NEW,DEF,5.0,0.4,89,1834,1,1,0.0,3.6,87.4,597.0,85.8,190.0,a,,,1.0,LIV,True,,1.0,1.0648943609579309,1.06,0.21200000000000002
236,Dewsbury-Hall,215413.jpg,Everton,EVE,MID,6.5,3.7,151,2629,8,7,0.0,4.9,166.0,619.4,601.1,438.0,a,,,1.0,CRY,True,,1.0,1.0648943609579309,1.06,0.1630769230769231
415,Dorgu,596777.jpg,Man Utd,MUN,MID,6.0,1.6,95,1440,4,4,0.0,3.7,120.3,469.0,394.2,341.0,a,,,1.0,HUL,False,,1.0,1.0648943609579309,1.06,0.17666666666666667
242,George,550615.jpg,Everton,EVE,MID,5.5,0.2,16,351,0,0,0.0,1.1,23.9,44.2,66.2,132.0,a,,,1.0,CRY,True,,1.0,1.0057335631269346,1.01,0.18363636363636363
420,Yoro,550864.jpg,Man Utd,MUN,DEF,5.0,0.8,56,1730,0,1,0.0,1.8,53.2,327.0,83.1,124.0,a,,,1.0,HUL,False,,1.0,1.0098136181497621,1.01,0.202
60,Hill,463981.jpg,Bournemouth,BOU,DEF,5.5,1.2,110,2102,0,3,0.0,3.8,86.3,579.4,161.7,119.0,a,,,1.0,MCI,False,,1.0,1.0057335631269346,1.01,0.18363636363636363
118,Igor,223434.jpg,Brighton,BHA,DEF,4.5,0.1,6,103,0,0,0.0,1.5,3.6,25.8,10.6,0.0,a,,,1.0,AVL,True,,1.0,0.9993794836935744,1.0,0.2222222222222222
301,Palmer,112520.jpg,Ipswich Town,IPS,GKP,4.0,5.8,0,0,0,0,0.0,0.0,0.0,0.0,0.0,0.0,a,,,1.0,SUN,True,,1.0,1.0011827325245504,1.0,0.25
300,Walton,108813.jpg,Ipswich Town,IPS,GKP,4.5,0.6,0,0,0,0,0.0,0.0,0.0,0.0,0.0,0.0,a,,,1.0,SUN,True,,1.0,0.9465727652959386,0.95,0.2111111111111111
501,Danso,135720.jpg,Spurs,TOT,DEF,5.0,0.2,63,1489,0,0,0.0,2.6,55.5,407.0,49.5,96.0,a,,,1.0,BRE,False,,1.0,0.9465727652959386,0.95,0.19
393,Khusanov,578153.jpg,Man City,MCI,DEF,5.5,2.0,67,1427,0,0,0.0,3.2,43.9,299.0,112.2,26.0,a,,,1.0,BOU,True,,1.0,0.8282511696339462,0.83,0.1509090909090909
234,Patterson,243571.jpg,Everton,EVE,DEF,4.5,0.0,22,238,0,0,0.0,3.1,8.8,65.6,6.4,17.0,a,,,1.0,CRY,True,,1.0,0.8282511696339462,0.83,0.18444444444444444
180,Woolfenden,220583.jpg,Coventry City,COV,DEF,4.0,0.2,0,0,0,0,0.0,0.0,0.0,0.0,0.0,0.0,a,,,1.0,ARS,False,,1.0,0.8074177968510007,0.81,0.2025
41,Buendía,195546.jpg,Aston Villa,AVL,MID,6.0,1.0,102,1753,6,2,0.0,2.8,121.4,427.0,402.1,398.0,a,,,1.0,BHA,False,,1.0,0.6507687761409578,0.65,0.10833333333333334
270,Reed,153366.jpg,Fulham,FUL,MID,4.5,1.1,15,89,1,0,0.0,2.1,9.7,42.0,44.4,11.0,a,,,1.0,CHE,True,,1.0,0.5916079783099616,0.59,0.1311111111111111
268,King,577725.jpg,Fulham,FUL,MID,5.5,0.1,63,1290,1,3,0.0,2.0,73.3,207.4,198.7,336.0,a,,,1.0,CHE,True,,1.0,0.5916079783099616,0.59,0.10727272727272727
421,Heaven,606745.jpg,Man Utd,MUN,DEF,4.5,0.3,42,920,0,1,0.0,2.5,29.1,233.6,32.0,26.0,a,,,1.0,HUL,False,,1.0,0.5916079783099616,0.59,0.1311111111111111
106,Thiago,502500.jpg,Brentford,BRE,FWD,8.0,16.0,181,3282,22,1,0.0,4.8,256.9,1019.4,382.5,1170.0,a,,,1.0,TOT,True,,1.0,0.5324471804789654,0.53,0.06625
111,Steele,49262.jpg,Brighton,BHA,GKP,4.0,4.4,0,0,0,0,0.0,0.0,0.0,0.0,0.0,0.0,a,,,1.0,AVL,True,,1.0,0.5324471804789654,0.53,0.1325
255,J.Cuenca,246301.jpg,Fulham,FUL,DEF,4.5,0.0,39,935,0,0,0.0,2.6,31.2,249.6,47.2,14.0,a,,,1.0,CHE,True,,1.0,0.5324471804789654,0.53,0.11777777777777779
217,M.França,536694.jpg,Crystal Palace,CRY,MID,5.0,0.0,0,0,0,0,0.0,0.0,0.0,0.0,0.0,0.0,a,,,1.0,EVE,False,,1.0,0.5324471804789654,0.53,0.10600000000000001
424,Amass,577974.jpg,Man Utd,MUN,DEF,4.0,0.2,0,0,0,0,0.0,0.0,0.0,0.0,0.0,0.0,a,,,1.0,HUL,False,,1.0,0.5,0.5,0.125
495,Austin,214572.jpg,Spurs,TOT,GKP,4.0,0.6,0,0,0,0,0.0,0.0,0.0,0.0,0.0,0.0,a,,,1.0,BRE,False,,1.0,0.5,0.5,0.125
423,Shaw,106760.jpg,Man Utd,MUN,DEF,4.5,24.3,113,3220,1,1,0.0,3.0,97.4,560.2,314.8,97.0,a,,,1.0,HUL,False,,1.0,0.5,0.5,0.1111111111111111
425,Fredricson,547676.jpg,Man Utd,MUN,DEF,4.0,0.1,1,2,0,0,0.0,1.0,0.4,4.0,0.0,0.0,a,,,1.0,HUL,False,,1.0,0.5,0.5,0.125
314,Ogbene,229164.jpg,Ipswich Town,IPS,MID,5.0,0.0,0,0,0,0,0.0,0.0,0.0,0.0,0.0,0.0,a,,,1.0,SUN,True,,1.0,0.5,0.5,0.1
124,Groß,60307.jpg,Brighton,BHA,MID,5.5,10.3,78,1636,1,6,0.0,4.1,128.5,397.2,668.2,220.0,a,,,1.0,AVL,True,,1.0,0.5,0.5,0.09090909090909091
105,Anthony,444180.jpg,Brentford,BRE,MID,6.0,0.2,0,0,0,0,0.0,0.0,0.0,0.0,0.0,0.0,a,,,1.0,TOT,True,,1.0,0.5,0.5,0.08333333333333333
103,Dasilva,183656.jpg,Brentford,BRE,MID,5.0,0.0,2,2,0,0,0.0,1.0,1.6,0.4,11.3,4.0,a,,,1.0,TOT,True,,1.0,0.5,0.5,0.1
396,Vitor Reis,616222.jpg,Man City,MCI,DEF,4.5,0.0,0,0,0,0,0.0,0.0,0.0,0.0,0.0,0.0,a,,,1.0,BOU,True,,1.0,0.5,0.5,0.1111111111111111
355,Davies,464353.jpg,Liverpool,LIV,GKP,4.0,0.1,0,0,0,0,0.0,0.0,0.0,0.0,0.0,0.0,a,,,1.0,NEW,False,,1.0,0.5,0.5,0.125
407,Echeverri,575204.jpg,Man City,MCI,MID,5.0,0.0,0,0,0,0,0.0,0.0,0.0,0.0,0.0,0.0,a,,,1.0,BOU,True,,1.0,0.5,0.5,0.1
92,Ji-soo,570241.jpg,Brentford,BRE,DEF,4.5,0.0,0,0,0,0,0.0,0.0,0.0,0.0,0.0,0.0,a,,,1.0,TOT,True,,1.0,0.5,0.5,0.1111111111111111
132,Howell,597320.jpg,Brighton,BHA,MID,4.5,0.3,4,92,0,0,0.0,1.3,1.8,10.2,5.1,2.0,a,,,1.0,AVL,True,,1.0,0.5,0.5,0.1111111111111111
90,Hickey,472713.jpg,Brentford,BRE,DEF,4.5,0.1,37,679,0,0,0.0,1.8,16.0,101.4,17.1,43.0,a,,,1.0,TOT,True,,1.0,0.5,0.5,0.1111111111111111
89,Henry,194010.jpg,Brentford,BRE,DEF,4.5,0.2,52,1322,0,2,0.0,2.1,26.9,151.6,82.0,35.0,a,,,1.0,TOT,True,,1.0,0.5,0.5,0.1111111111111111
556,Targett,169359.jpg,Hull City,HUL,DEF,4.0,2.9,0,0,0,0,0.0,0.0,0.0,0.0,0.0,0.0,a,,,1.0,MUN,True,,1.0,0.5,0.5,0.125
244,Armstrong,609873.jpg,Everton,EVE,MID,5.0,0.1,21,524,0,0,0.0,1.6,21.0,60.0,69.7,78.0,a,,,1.0,CRY,True,,1.0,0.5,0.5,0.1
57,Petrović,457569.jpg,Bournemouth,BOU,GKP,4.5,3.7,124,3420,0,0,0.0,3.3,82.4,822.6,0.0,0.0,a,,,1.0,MCI,False,,1.0,0.5,0.5,0.1111111111111111
38,A.García,606798.jpg,Aston Villa,AVL,DEF,4.0,1.6,5,83,0,0,0.0,0.8,2.3,17.8,3.2,2.0,a,,,1.0,BHA,False,,1.0,0.5,0.5,0.125
414,Heaton,21205.jpg,Man Utd,MUN,GKP,4.0,0.3,0,0,0,0,0.0,0.0,0.0,0.0,0.0,0.0,a,,,1.0,HUL,False,,1.0,0.5,0.5,0.125
507,Phillips,548308.jpg,Spurs,TOT,DEF,4.5,0.1,0,0,0,0,0.0,0.0,0.0,0.0,0.0,0.0,a,,,1.0,BRE,False,,1.0,0.5,0.5,0.1111111111111111
49,Iling Jr,469247.jpg,Aston Villa,AVL,MID,5.0,0.0,0,0,0,0,0.0,0.0,0.0,0.0,0.0,0.0,a,,,1.0,BHA,False,,1.0,0.5,0.5,0.1
322,Al-Hamadi,462387.jpg,Ipswich Town,IPS,FWD,5.0,0.2,0,0,0,0,0.0,0.0,0.0,0.0,0.0,0.0,a,,,1.0,SUN,True,,1.0,0.5,0.5,0.1
386,Bettinelli,122074.jpg,Man City,MCI,GKP,4.5,0.0,0,0,0,0,0.0,0.0,0.0,0.0,0.0,0.0,a,,,1.0,BOU,True,,1.0,0.5,0.5,0.1111111111111111
394,Alleyne,494307.jpg,Man City,MCI,DEF,5.0,0.0,5,135,0,0,0.0,2.5,7.5,34.0,14.8,26.0,a,,,1.0,BOU,True,,1.0,0.5,0.5,0.1
519,Gallagher,232787.jpg,Spurs,TOT,MID,5.5,0.3,44,1183,1,1,0.0,2.8,55.1,190.6,205.9,154.0,a,,,1.0,BRE,False,,1.0,0.5,0.5,0.09090909090909091
477,Abbott,549067.jpg,Nott'm Forest,NFO,DEF,4.0,0.2,3,165,0,0,0.0,1.0,3.2,25.4,6.4,0.0,a,,,1.0,LEE,True,,1.0,0.5,0.5,0.125
104,Onyeka,428580.jpg,Coventry City,COV,MID,5.0,0.2,12,88,0,2,0.0,2.0,4.6,28.4,13.6,4.0,a,,,1.0,ARS,False,,1.0,0.5,0.5,0.1
168,Marc Guiu,499309.jpg,Chelsea,CHE,FWD,5.0,0.4,13,265,0,1,0.0,1.3,13.1,24.6,40.1,86.0,a,,,1.0,FUL,False,,1.0,0.5,0.5,0.1
169,Mheuka,567119.jpg,Chelsea,CHE,FWD,4.5,0.4,1,1,0,0,0.0,1.0,0.2,2.0,0.3,0.0,a,,,1.0,FUL,False,,1.0,0.5,0.5,0.1111111111111111
528,Scarlett,490145.jpg,Spurs,TOT,FWD,4.5,1.7,2,7,0,0,0.0,1.0,0.7,1.0,4.1,2.0,a,,,1.0,BRE,False,,1.0,0.5,0.5,0.1111111111111111
561,Anselmino,622758.jpg,Chelsea,CHE,DEF,4.5,0.0,0,0,0,0,0.0,0.0,0.0,0.0,0.0,0.0,a,,,1.0,FUL,False,,1.0,0.5,0.5,0.1111111111111111
434,J.Fletcher,547037.jpg,Man Utd,MUN,MID,5.0,0.0,3,107,0,0,0.0,1.0,4.8,18.6,24.4,5.0,a,,,1.0,HUL,False,,1.0,0.5,0.5,0.1
568,Barco,543158.jpg,Chelsea,CHE,MID,5.5,0.1,0,0,0,0,0.0,0.0,0.0,0.0,0.0,0.0,a,,,1.0,FUL,False,,1.0,0.5,0.5,0.09090909090909091
110,Rushworth,472739.jpg,Coventry City,COV,GKP,4.5,0.9,0,0,0,0,0.0,0.0,0.0,0.0,0.0,0.0,a,,,1.0,ARS,False,,1.0,0.5,0.5,0.1111111111111111
410,Monga,649208.jpg,Man City,MCI,MID,5.0,0.0,0,0,0,0,0.0,0.0,0.0,0.0,0.0,0.0,a,,,1.0,BOU,True,,1.0,0.5,0.5,0.1
436,Collyer,490881.jpg,Man Utd,MUN,MID,5.0,0.0,0,0,0,0,0.0,0.0,0.0,0.0,0.0,0.0,a,,,1.0,HUL,False,,1.0,0.5,0.5,0.1
219,J.Rak-Sakyi,450542.jpg,Crystal Palace,CRY,MID,5.0,0.0,0,0,0,0,0.0,0.0,0.0,0.0,0.0,0.0,a,,,1.0,EVE,False,,1.0,0.5,0.5,0.1
451,A.Murphy,545477.jpg,Newcastle,NEW,DEF,4.0,0.8,2,7,0,0,0.0,1.0,1.3,10.2,0.6,2.0,a,,,1.0,LIV,True,,1.0,0.5,0.5,0.125
177,Kesler-Hayden,465390.jpg,Coventry City,COV,DEF,4.0,0.1,0,0,0,0,0.0,0.0,0.0,0.0,0.0,0.0,a,,,1.0,ARS,False,,1.0,0.5,0.5,0.125
370,Chiesa,223541.jpg,Liverpool,LIV,MID,5.5,0.2,37,317,2,1,0.0,1.4,34.9,122.0,47.5,182.0,a,,,1.0,NEW,False,,1.0,0.5,0.5,0.09090909090909091
206,Chadi Riad,515621.jpg,Crystal Palace,CRY,DEF,4.5,0.1,20,550,0,1,0.0,2.2,18.3,117.8,23.9,41.0,a,,,1.0,EVE,False,,1.0,0.5,0.5,0.1111111111111111
476,O.Richards,204822.jpg,Nott'm Forest,NFO,DEF,4.0,0.2,0,0,0,0,0.0,0.0,0.0,0.0,0.0,0.0,a,,,1.0,LEE,True,,1.0,0.5,0.5,0.125
35,Bogarde,515597.jpg,Aston Villa,AVL,MID,5.0,0.1,40,1042,0,0,0.0,1.4,20.6,133.0,59.4,14.0,a,,,1.0,BHA,False,,1.0,0.5,0.5,0.1
23,Fábio Vieira,438098.jpg,Arsenal,ARS,MID,5.5,0.0,0,0,0,0,0.0,0.0,0.0,0.0,0.0,0.0,a,,,1.0,COV,True,,1.0,0.5,0.5,0.09090909090909091
228,King,138001.jpg,Everton,EVE,GKP,4.5,0.1,0,0,0,0,0.0,0.0,0.0,0.0,0.0,0.0,a,,,1.0,CRY,True,,1.0,0.5,0.5,0.1111111111111111
378,McConnell,491501.jpg,Liverpool,LIV,MID,4.5,0.2,0,0,0,0,0.0,0.0,0.0,0.0,0.0,0.0,a,,,1.0,NEW,False,,1.0,0.5,0.5,0.1111111111111111
264,Bobb,477555.jpg,Fulham,FUL,MID,5.5,0.4,42,1030,0,2,0.0,1.8,66.4,140.4,315.4,205.0,a,,,1.0,CHE,True,,1.0,0.5,0.5,0.09090909090909091
466,Neave,599303.jpg,Newcastle,NEW,FWD,4.5,0.7,1,13,0,0,0.0,1.0,0.5,0.0,0.0,5.0,a,,,1.0,LIV,True,,1.0,0.5,0.5,0.1111111111111111
59,Dennis,444172.jpg,Bournemouth,BOU,GKP,4.0,0.2,0,0,0,0,0.0,0.0,0.0,0.0,0.0,0.0,a,,,1.0,MCI,False,,1.0,0.5,0.5,0.125
162,Andrey Santos,532605.jpg,Man Utd,MUN,MID,5.0,1.4,47,1247,1,0,0.0,1.7,47.5,229.6,153.9,91.0,a,,,1.0,HUL,False,,1.0,0.5,0.5,0.1
524,Olusesi,499726.jpg,Spurs,TOT,MID,4.5,0.9,1,14,0,0,0.0,1.0,0.2,0.6,1.8,0.0,a,,,1.0,BRE,False,,1.0,0.5,0.5,0.1111111111111111
151,Acheampong,577016.jpg,Chelsea,CHE,DEF,4.5,0.3,39,657,1,0,0.0,2.3,24.4,132.6,40.9,70.0,a,,,1.0,FUL,False,,1.0,0.5,0.5,0.1111111111111111
555,Matthews,169593.jpg,Crystal Palace,CRY,GKP,4.0,1.7,0,0,0,0,0.0,0.0,0.0,0.0,0.0,0.0,a,,,1.0,EVE,False,,1.0,0.5,0.5,0.125
65,J.Araujo,436893.jpg,Bournemouth,BOU,DEF,4.5,0.1,0,0,0,0,0.0,0.0,0.0,0.0,0.0,0.0,i,Thigh injury - Unknown return date,0.0,0.0,MCI,False,,1.0,0.709929573971954,0.0,0.0
78,Kroupi.Jr,560262.jpg,Bournemouth,BOU,MID,7.5,3.2,113,1663,13,0,0.0,3.4,139.9,532.2,306.9,563.0,i,Foot injury - Unknown return date,0.0,0.0,MCI,False,,1.0,4.2,0.0,0.0
30,Digne,101188.jpg,Aston Villa,AVL,DEF,4.5,1.1,97,1842,0,7,0.0,3.1,98.5,400.2,455.5,130.0,u,Has joined Paris Saint-Germain permanently,0.0,0.0,BHA,False,,1.0,2.8266394556772334,0.0,0.0
521,Kulusevski,445044.jpg,Spurs,TOT,MID,6.5,0.0,0,0,0,0,0.0,0.0,0.0,0.0,0.0,0.0,i,Knee injury - Unknown return date,0.0,0.0,BRE,False,,1.0,3.686210216816496,0.0,0.0
63,Milosavljević,620487.jpg,Bournemouth,BOU,DEF,5.0,0.1,19,367,0,0,0.0,2.7,12.2,98.4,13.9,10.0,i,Unspecified injury - Unknown return date,0.0,0.0,MCI,False,,1.0,3.2,0.0,0.0
517,Odobert,550839.jpg,Spurs,TOT,MID,5.5,0.0,46,972,0,2,0.0,1.9,67.6,158.8,284.3,234.0,i,Knee injury - Unknown return date,0.0,0.0,BRE,False,,1.0,2.0114671262538693,0.0,0.0
48,Onana,449871.jpg,Aston Villa,AVL,MID,5.0,0.0,76,1755,2,0,0.0,3.0,74.4,413.2,152.6,178.0,i,Knee injury - Unknown return date,0.0,0.0,BHA,False,,1.0,2.4907241366648623,0.0,0.0
5,J.Timber,445122.jpg,Arsenal,ARS,DEF,6.5,0.4,149,2452,3,6,0.0,5.0,125.7,499.0,402.6,352.0,i,Groin injury - Unknown return date,0.0,0.0,COV,True,,1.0,3.570061850291509,0.0,0.0
75,Christie,158499.jpg,Bournemouth,BOU,MID,5.0,0.0,47,978,2,1,0.0,1.8,64.7,226.6,197.0,220.0,s,Suspended until 29 Aug,0.0,0.0,MCI,False,,1.0,2.5438444821353454,0.0,0.0
6,Saliba,462424.jpg,Arsenal,ARS,DEF,6.0,0.5,137,2614,1,0,0.0,4.4,84.3,552.6,201.0,90.0,i,Back injury - Unknown return date,0.0,0.0,COV,True,,1.0,3.629171224135707,0.0,0.0
342,Harrison,221399.jpg,Leeds,LEE,MID,5.0,0.0,12,262,0,0,0.0,1.1,11.5,30.0,49.4,35.0,u,Has joined New England Revolution permanently,0.0,0.0,NFO,False,,1.0,2.7411904371504794,0.0,0.0
513,Xavi,493362.jpg,Spurs,TOT,MID,6.0,0.0,80,1747,2,5,0.0,2.9,113.9,349.6,533.8,255.0,i,Knee injury - Unknown return date,0.0,0.0,BRE,False,,1.0,4.2,0.0,0.0
363,Leoni,647681.jpg,Liverpool,LIV,DEF,4.0,0.1,0,0,0,0,0.0,0.0,0.0,0.0,0.0,0.0,i,Knee injury - Unknown return date,0.0,0.0,NEW,False,,1.0,3.2,0.0,0.0
291,Matazo,465525.jpg,Hull City,HUL,MID,4.5,0.0,0,0,0,0,0.0,0.0,0.0,0.0,0.0,0.0,i,Knee injury - Unknown return date,0.0,0.0,MUN,True,,1.0,4.2,0.0,0.0
382,Danns,500058.jpg,Liverpool,LIV,FWD,4.5,0.0,0,0,0,0,0.0,0.0,0.0,0.0,0.0,0.0,i,Unspecified injury - Unknown return date,0.0,0.0,NEW,False,,1.0,0.5,0.0,0.0
294,Zambrano,553783.jpg,Hull City,HUL,MID,4.5,0.4,0,0,0,0,0.0,0.0,0.0,0.0,0.0,0.0,i,Thigh injury - Unknown return date,0.0,0.0,MUN,True,,1.0,4.2,0.0,0.0
380,Ekitiké,510663.jpg,Liverpool,LIV,FWD,7.5,0.2,125,1797,11,4,0.0,4.5,156.2,525.8,307.2,739.0,i,Achilles injury - Unknown return date,0.0,0.0,NEW,False,,1.0,4.0,0.0,0.0
297,Gyabi,470294.jpg,Hull City,HUL,MID,4.5,0.1,0,0,0,0,0.0,0.0,0.0,0.0,0.0,0.0,i,Thigh injury - Unknown return date,0.0,0.0,MUN,True,,1.0,4.2,0.0,0.0
299,Burstow,534392.jpg,Hull City,HUL,FWD,4.5,0.4,0,0,0,0,0.0,0.0,0.0,0.0,0.0,0.0,u,Has joined Sheffield Wednesday on loan for the rest of the season,0.0,0.0,MUN,True,,1.0,4.0,0.0,0.0
376,Bajcetic,535928.jpg,Liverpool,LIV,MID,5.0,0.0,0,0,0,0,0.0,0.0,0.0,0.0,0.0,0.0,i,Hamstring injury - Expected back 23 Aug,0.0,0.0,NEW,False,,1.0,0.5,0.0,0.0
310,Matusiwa,241117.jpg,Ipswich Town,IPS,MID,5.0,0.0,0,0,0,0,0.0,0.0,0.0,0.0,0.0,0.0,i,Muscular injury - Unknown return date,0.0,0.0,SUN,True,,1.0,4.2,0.0,0.0
121,Mitoma,451340.jpg,Brighton,BHA,MID,6.0,0.1,62,1714,3,1,0.0,2.5,112.3,288.4,422.3,416.0,i,Hamstring injury - Unknown return date,0.0,0.0,AVL,True,,1.0,4.378864270934291,0.0,0.0
360,Bradley,492777.jpg,Liverpool,LIV,DEF,5.0,0.0,42,928,0,2,0.0,2.8,32.3,157.4,105.2,62.0,i,Knee injury - Unknown return date,0.0,0.0,NEW,False,,1.0,2.4255927110708426,0.0,0.0
359,Gomez,171287.jpg,Liverpool,LIV,DEF,5.0,0.1,33,594,0,2,0.0,1.6,23.2,122.8,77.8,31.0,i,Muscular injury - Unknown return date,0.0,0.0,NEW,False,,1.0,0.8282511696339462,0.0,0.0
311,Burns,149929.jpg,Ipswich Town,IPS,MID,5.0,0.0,0,0,0,0,0.0,0.0,0.0,0.0,0.0,0.0,u,Has joined Leicester City permanently,0.0,0.0,SUN,True,,1.0,1.7324745568729893,0.0,0.0
312,Taylor,231899.jpg,Ipswich Town,IPS,MID,4.5,0.2,0,0,0,0,0.0,0.0,0.0,0.0,0.0,0.0,i,Knee injury - Unknown return date,0.0,0.0,SUN,True,,1.0,2.2481103175778543,0.0,0.0
354,Jaros,432987.jpg,Liverpool,LIV,GKP,4.0,0.0,0,0,0,0,0.0,0.0,0.0,0.0,0.0,0.0,i,Knee injury - Unknown return date,0.0,0.0,NEW,False,,1.0,2.2,0.0,0.0
349,Mateo Joseph,565297.jpg,Leeds,LEE,FWD,4.5,0.2,0,0,0,0,0.0,0.0,0.0,0.0,0.0,0.0,i,Knee injury - Unknown return date,0.0,0.0,NFO,False,,1.0,4.0,0.0,0.0
331,Gudmundsson,243526.jpg,Leeds,LEE,DEF,4.5,0.3,68,2637,0,0,0.0,2.1,96.4,442.6,363.7,158.0,i,Hamstring injury - Expected back 30 Aug,0.0,0.0,NFO,False,,1.0,3.2,0.0,0.0
278,Hughes,501902.jpg,Hull City,HUL,DEF,4.0,0.7,0,0,0,0,0.0,0.0,0.0,0.0,0.0,0.0,i,Groin injury - Unknown return date,0.0,0.0,MUN,True,,1.0,3.2,0.0,0.0
275,Cartwright,494950.jpg,Hull City,HUL,GKP,4.0,0.1,0,0,0,0,0.0,0.0,0.0,0.0,0.0,0.0,u,Has joined Grimsby Town on loan for the rest of the season,0.0,0.0,MUN,True,,1.0,2.2,0.0,0.0
274,Butland,105666.jpg,Hull City,HUL,GKP,4.5,0.7,0,0,0,0,0.0,0.0,0.0,0.0,0.0,0.0,i,Arm injury - Unknown return date,0.0,0.0,MUN,True,,1.0,2.2,0.0,0.0
402,Rodrigo,220566.jpg,Man City,MCI,MID,6.5,0.1,69,1510,1,1,0.0,3.3,90.3,358.0,421.5,122.0,i,Back injury - Unknown return date,0.0,0.0,BOU,True,,1.0,4.2,0.0,0.0
128,Buonanotte,536916.jpg,Brighton,BHA,MID,5.0,0.0,3,81,0,0,0.0,0.8,7.4,13.2,40.0,21.0,u,Has joined Elche on loan for the rest of the season,0.0,0.0,AVL,True,,1.0,2.97228225740325,0.0,0.0
131,Baleba,535301.jpg,Brighton,BHA,MID,5.0,0.4,56,1646,0,0,0.0,1.8,36.8,166.8,156.3,44.0,i,Ankle injury - Expected back 23 Aug,0.0,0.0,AVL,True,,1.0,2.5960191435633764,0.0,0.0
475,Savona,500151.jpg,Nott'm Forest,NFO,DEF,4.5,0.0,39,1025,2,0,0.0,2.8,43.5,216.6,123.2,94.0,i,Knee injury - Unknown return date,0.0,0.0,LEE,True,,1.0,3.2,0.0,0.0
133,Watson,549074.jpg,Brighton,BHA,MID,5.0,0.0,5,57,0,0,0.0,0.8,1.6,6.0,2.4,7.0,u,Has joined Leicester City on loan for the rest of the season,0.0,0.0,AVL,True,,1.0,4.2,0.0,0.0
139,Ferguson,487117.jpg,Brighton,BHA,FWD,5.0,0.0,0,0,0,0,0.0,0.0,0.0,0.0,0.0,0.0,i,Ankle injury - Expected back 10 Oct,0.0,0.0,AVL,True,,1.0,1.6565023392678924,0.0,0.0
143,Chalobah,180736.jpg,Chelsea,CHE,DEF,5.5,1.6,136,2780,3,1,0.0,4.0,99.1,719.2,111.2,160.0,u,Has joined Como permanently,0.0,0.0,FUL,False,,1.0,3.2254443030161104,0.0,0.0
145,Fofana,444463.jpg,Chelsea,CHE,DEF,5.0,0.0,65,1718,0,2,0.0,2.6,60.4,463.6,65.6,74.0,s,Suspended until 6 Sep,0.0,0.0,FUL,False,,1.0,1.18119681676221,0.0,0.0
459,L.Miley,547719.jpg,Newcastle,NEW,MID,5.5,0.0,72,1493,1,4,0.0,3.1,73.0,342.6,251.4,136.0,i,Leg injury - Expected back 30 Aug,0.0,0.0,LIV,True,,1.0,1.2423767544509194,0.0,0.0
197,Bassette,549653.jpg,Coventry City,COV,FWD,4.5,0.3,0,0,0,0,0.0,0.0,0.0,0.0,0.0,0.0,u,Has joined KVC Westerlo on loan for the rest of the season,0.0,0.0,ARS,False,,1.0,4.0,0.0,0.0
225,Uche,660392.jpg,Crystal Palace,CRY,FWD,5.0,0.0,17,159,0,1,0.0,1.2,8.8,13.2,7.1,73.0,u,has returned to Getafe CF,0.0,0.0,EVE,False,,1.0,4.0,0.0,0.0
433,Ugarte,232112.jpg,Man Utd,MUN,MID,5.0,0.0,38,876,0,0,0.0,1.7,29.8,167.2,83.6,48.0,i,Knee injury - Unknown return date,0.0,0.0,HUL,False,,1.0,4.2,0.0,0.0
239,Garner,232928.jpg,Everton,EVE,MID,6.0,0.5,159,3413,2,7,0.0,4.2,208.4,887.0,958.0,237.0,i,Groin injury - Expected back 22 Aug,0.0,0.0,CRY,True,,1.0,1.6209894363415462,0.0,0.0
416,De Ligt,209365.jpg,Man Utd,MUN,DEF,5.0,0.0,43,1170,1,0,0.0,3.3,45.7,276.6,60.2,122.0,i,Back injury - Unknown return date,0.0,0.0,HUL,False,,1.0,2.2733844797180995,0.0,0.0
413,Bayindir,451302.jpg,Man Utd,MUN,GKP,4.5,0.1,11,540,0,0,0.0,1.8,12.8,118.4,10.0,0.0,u,Has joined Celta Vigo on loan for the rest of the season,0.0,0.0,HUL,False,,1.0,2.2,0.0,0.0
253,Andersen,174874.jpg,Fulham,FUL,DEF,5.0,0.1,123,2882,0,1,0.0,3.7,107.0,790.6,131.0,148.0,s,Suspended until 30 Aug,0.0,0.0,CHE,True,,1.0,1.5180992060343228,0.0,0.0
281,Drameh,433590.jpg,Hull City,HUL,DEF,4.0,0.1,0,0,0,0,0.0,0.0,0.0,0.0,0.0,0.0,i,Hamstring injury - Expected back 29 Aug,0.0,0.0,MUN,True,,1.0,3.2,0.0,0.0
