id,web_name,team_name,team_short_name,position,price,selected_by_percent,total_points,minutes,goals_scored,assists,form,points_per_game,ict_index,influence,creativity,threat,status,news,chance_of_playing_next_round,availability,opponent,home,fixture_difficulty,fixture_adjustment,base_projection,projected_points,value
426,B.Fernandes,Man Utd,MUN,MID,12.0,48.5,235,3065,9,24,0.0,6.7,381.4,1258.0,1938.5,614.0,a,,,1.0,HUL,False,,1.0,78.29,78.29,6.524166666666667
411,Haaland,Man City,MCI,FWD,15.5,74.2,239,2953,27,8,0.0,6.8,302.3,1180.4,320.1,1520.0,a,,,1.0,BOU,True,,1.0,62.50000000000001,62.50000000000001,4.03225806451613
155,Enzo,Chelsea,CHE,MID,7.0,5.5,157,3114,10,5,0.0,4.4,264.6,835.6,1063.2,747.0,a,,,1.0,FUL,False,,1.0,54.24000000000001,54.24000000000001,7.74857142857143
368,Szoboszlai,Liverpool,LIV,MID,7.0,45.8,160,3232,6,7,0.0,4.4,260.9,867.8,1324.6,417.0,a,,,1.0,NEW,False,,1.0,53.5,53.5,7.642857142857143
397,Semenyo,Man City,MCI,MID,8.5,24.2,202,3200,17,6,0.0,5.5,257.7,923.2,607.4,1047.0,a,,,1.0,BOU,True,,1.0,53.19,53.19,6.25764705882353
106,Thiago,Brentford,BRE,FWD,8.0,16.0,181,3282,22,1,0.0,4.8,256.9,1019.4,382.5,1170.0,a,,,1.0,TOT,True,,1.0,52.81999999999999,52.81999999999999,6.602499999999999
480,Gibbs-White,Nott'm Forest,NFO,MID,8.0,11.6,188,3101,15,4,0.0,5.1,242.5,843.8,747.7,836.0,a,,,1.0,LEE,True,,1.0,50.03,50.03,6.25375
40,Rogers,Chelsea,CHE,MID,7.5,28.4,169,3280,10,8,0.0,4.6,232.0,746.2,706.2,871.0,a,,,1.0,FUL,False,,1.0,47.78000000000001,47.78000000000001,6.370666666666668
12,Saka,Arsenal,ARS,MID,9.5,10.7,157,2218,7,10,0.0,5.1,230.6,627.0,847.6,828.0,a,,,1.0,COV,True,,1.0,47.650000000000006,47.650000000000006,5.015789473684211
427,Mbeumo,Man Utd,MUN,MID,8.0,21.2,148,2611,11,3,0.0,4.5,231.4,628.8,803.1,882.0,a,,,1.0,HUL,False,,1.0,47.63,47.63,5.95375
55,Watkins,Aston Villa,AVL,FWD,8.0,12.7,167,2833,16,4,0.0,4.5,225.2,720.2,330.9,1206.0,a,,,1.0,BHA,False,,1.0,46.39,46.39,5.79875
481,Anderson,Man City,MCI,MID,6.5,11.9,180,3332,4,5,0.0,4.7,219.0,915.2,961.5,310.0,a,,,1.0,BOU,True,,1.0,45.21,45.21,6.955384615384616
399,Cherki,Man City,MCI,MID,7.5,9.1,135,1772,4,13,0.0,4.1,218.1,604.2,996.6,579.0,a,,,1.0,BOU,True,,1.0,44.85,44.85,5.98
13,Rice,Arsenal,ARS,MID,7.5,22.3,184,3093,4,9,0.0,5.1,215.4,827.2,1027.4,298.0,a,,,1.0,COV,True,,1.0,44.61000000000001,44.61000000000001,5.948000000000001
165,João Pedro,Chelsea,CHE,FWD,7.5,55.1,177,2658,15,9,0.0,5.1,212.1,758.4,456.6,909.0,a,,,1.0,FUL,False,,1.0,43.95,43.95,5.86
366,Wirtz,Liverpool,LIV,MID,7.5,13.1,125,2374,5,4,0.0,3.8,210.0,526.4,908.2,665.0,a,,,1.0,NEW,False,,1.0,43.14,43.14,5.752
68,Tavernier,Bournemouth,BOU,MID,6.0,1.9,137,2732,7,4,0.0,4.0,207.9,656.8,816.6,605.0,a,,,1.0,MCI,False,,1.0,42.78000000000001,42.78000000000001,7.130000000000002
367,Gakpo,Liverpool,LIV,MID,7.0,3.4,131,2736,7,5,0.0,3.6,208.4,540.4,714.7,831.0,a,,,1.0,NEW,False,,1.0,42.760000000000005,42.760000000000005,6.108571428571429
452,Bruno G.,Newcastle,NEW,MID,7.0,10.1,154,2456,9,7,0.0,5.3,202.9,782.4,756.7,488.0,a,,,1.0,LIV,True,,1.0,42.17,42.17,6.024285714285715
428,Cunha,Man Utd,MUN,MID,8.0,13.3,143,2493,10,4,0.0,4.3,202.5,675.8,545.4,801.0,a,,,1.0,HUL,False,,1.0,41.79,41.79,5.22375
400,Doku,Man City,MCI,MID,7.5,6.4,120,1773,5,8,0.0,4.0,202.5,540.2,841.6,645.0,a,,,1.0,BOU,True,,1.0,41.7,41.7,5.5600000000000005
398,Foden,Man City,MCI,MID,7.0,7.0,131,2078,7,5,0.0,4.0,201.9,583.2,918.8,520.0,a,,,1.0,BOU,True,,1.0,41.580000000000005,41.580000000000005,5.94
260,Wilson,Leeds,LEE,MID,6.5,8.3,168,2674,10,9,0.0,4.7,196.9,707.2,661.1,601.0,a,,,1.0,NFO,False,,1.0,40.79,40.79,6.275384615384615
346,Calvert-Lewin,Leeds,LEE,FWD,6.0,24.3,142,2721,14,2,0.0,4.1,194.7,619.6,311.1,1026.0,a,,,1.0,NFO,False,,1.0,40.169999999999995,40.169999999999995,6.694999999999999
335,Stach,Leeds,LEE,MID,6.0,1.2,137,2369,5,6,0.0,4.7,188.8,650.0,921.4,315.0,a,,,1.0,NFO,False,,1.0,39.17,39.17,6.528333333333333
356,Virgil,Liverpool,LIV,DEF,6.5,16.5,175,3420,6,1,0.0,4.6,187.6,1169.4,215.9,490.0,a,,,1.0,NEW,False,,1.0,38.900000000000006,38.900000000000006,5.984615384615386
542,E.Le Fée,Sunderland,SUN,MID,6.0,12.8,147,2930,5,6,0.0,4.1,186.9,725.8,816.4,324.0,a,,,1.0,IPS,False,,1.0,38.61,38.61,6.435
156,Neto,Chelsea,CHE,MID,6.5,1.3,125,2629,5,7,0.0,3.7,186.7,523.0,836.2,505.0,a,,,1.0,FUL,False,,1.0,38.449999999999996,38.449999999999996,5.915384615384615
122,Minteh,Brighton,BHA,MID,6.0,0.7,117,2389,3,8,0.0,3.4,180.3,491.8,691.4,617.0,a,,,1.0,AVL,True,,1.0,37.080000000000005,37.080000000000005,6.180000000000001
499,Pedro Porro,Spurs,TOT,DEF,5.5,23.4,117,2793,1,3,0.0,3.4,177.5,690.2,881.7,202.0,a,,,1.0,BRE,False,,1.0,36.52,36.52,6.640000000000001
469,N.Williams,Nott'm Forest,NFO,DEF,5.0,12.4,128,3203,2,3,0.0,3.5,175.6,804.0,572.3,380.0,a,,,1.0,LEE,True,,1.0,36.169999999999995,36.169999999999995,7.233999999999999
94,Schade,Brentford,BRE,MID,6.0,2.1,125,2744,8,5,0.0,3.6,172.8,536.8,380.1,821.0,a,,,1.0,TOT,True,,1.0,35.64,35.64,5.94
498,Senesi,Spurs,TOT,DEF,6.0,10.6,175,3288,0,6,0.0,4.7,168.6,1114.4,367.8,201.0,a,,,1.0,BRE,False,,1.0,35.129999999999995,35.129999999999995,5.8549999999999995
236,Dewsbury-Hall,Everton,EVE,MID,6.5,3.8,151,2629,8,7,0.0,4.9,166.0,619.4,601.1,438.0,a,,,1.0,CRY,True,,1.0,34.67,34.67,5.333846153846154
136,Welbeck,Chelsea,CHE,FWD,6.0,2.6,126,2249,13,1,0.0,3.4,168.2,578.8,309.7,803.0,a,,,1.0,FUL,False,,1.0,34.660000000000004,34.660000000000004,5.776666666666667
229,Tarkowski,Everton,EVE,DEF,6.0,9.8,170,3330,2,3,0.0,4.6,165.7,995.6,235.6,422.0,a,,,1.0,CRY,True,,1.0,34.52,34.52,5.753333333333334
237,Ndiaye,Everton,EVE,MID,6.0,15.7,128,2781,6,3,0.0,4.0,166.5,605.8,479.2,578.0,a,,,1.0,CRY,True,,1.0,34.50000000000001,34.50000000000001,5.750000000000001
387,O'Reilly,Man City,MCI,DEF,6.5,22.4,160,2643,5,4,0.0,4.7,164.1,653.8,413.9,573.0,a,,,1.0,BOU,True,,1.0,34.23,34.23,5.266153846153846
527,Richarlison,Spurs,TOT,FWD,6.0,2.0,119,1954,11,4,0.0,3.7,165.2,602.6,239.6,815.0,a,,,1.0,BRE,False,,1.0,34.15,34.15,5.691666666666666
95,O.Dango,Brentford,BRE,MID,6.5,1.4,136,2271,7,8,0.0,4.2,162.8,509.8,422.8,702.0,a,,,1.0,TOT,True,,1.0,33.82,33.82,5.203076923076923
61,Truffert,Bournemouth,BOU,DEF,5.5,4.8,165,3378,1,6,0.0,4.3,162.6,857.0,574.2,194.0,a,,,1.0,MCI,False,,1.0,33.81,33.81,6.147272727272727
388,Guéhi,Man City,MCI,DEF,6.0,23.4,179,3150,3,5,0.0,5.1,160.9,901.6,304.6,402.0,a,,,1.0,BOU,True,,1.0,33.71,33.71,5.618333333333333
431,Amad,Man Utd,MUN,MID,6.0,1.6,91,2339,2,5,0.0,2.8,163.5,436.6,596.1,600.0,a,,,1.0,HUL,False,,1.0,33.540000000000006,33.540000000000006,5.590000000000001
261,Iwobi,Fulham,FUL,MID,5.5,0.9,103,2420,4,3,0.0,3.6,159.4,511.2,739.4,343.0,a,,,1.0,CHE,True,,1.0,32.96,32.96,5.992727272727273
25,Gyökeres,Arsenal,ARS,FWD,7.5,13.1,128,2217,14,1,0.0,3.6,157.5,539.6,271.7,772.0,a,,,1.0,COV,True,,1.0,32.58,32.58,4.343999999999999
79,Evanilson,Bournemouth,BOU,FWD,6.0,2.0,115,2741,6,7,0.0,3.2,155.5,350.6,397.9,809.0,a,,,1.0,MCI,False,,1.0,32.06,32.06,5.343333333333334
96,Damsgaard,Brentford,BRE,MID,5.5,0.7,113,2046,4,4,0.0,3.4,155.0,530.6,691.3,326.0,a,,,1.0,TOT,True,,1.0,32.02,32.02,5.821818181818182
112,Van Hecke,Spurs,TOT,DEF,5.0,8.4,148,3210,3,3,0.0,4.1,152.0,980.6,240.4,295.0,a,,,1.0,BRE,False,,1.0,31.630000000000003,31.630000000000003,6.3260000000000005
223,Mateta,Crystal Palace,CRY,FWD,6.5,6.7,114,2210,12,0,0.0,3.6,150.8,567.2,160.6,786.0,a,,,1.0,EVE,False,,1.0,31.240000000000002,31.240000000000002,4.806153846153847
154,Palmer,Chelsea,CHE,MID,9.5,11.5,114,1954,10,2,0.0,4.4,147.7,536.6,393.6,547.0,a,,,1.0,FUL,False,,1.0,30.86,30.86,3.248421052631579
525,Fernandes,Spurs,TOT,MID,6.0,3.2,135,3017,3,4,0.0,3.8,146.3,657.2,622.8,183.0,a,,,1.0,BRE,False,,1.0,30.400000000000006,30.400000000000006,5.066666666666667
337,Aaronson,Leeds,LEE,MID,5.5,0.8,126,2449,4,8,0.0,3.4,146.7,482.8,486.7,498.0,a,,,1.0,NFO,False,,1.0,30.36,30.36,5.52
453,Barnes,Newcastle,NEW,MID,6.0,1.2,106,1951,7,1,0.0,2.9,147.0,404.0,387.5,682.0,a,,,1.0,LIV,True,,1.0,30.270000000000003,30.270000000000003,5.045000000000001
201,Muñoz,Crystal Palace,CRY,DEF,5.5,11.5,136,2400,4,4,0.0,4.7,139.5,595.0,396.6,404.0,a,,,1.0,EVE,False,,1.0,29.310000000000002,29.310000000000002,5.329090909090909
371,Gravenberch,Liverpool,LIV,MID,6.0,2.0,144,2991,5,5,0.0,4.0,140.1,687.0,497.2,220.0,a,,,1.0,NEW,False,,1.0,29.22,29.22,4.87
211,Yeremy,Crystal Palace,CRY,MID,5.5,0.2,77,2074,2,2,0.0,2.3,141.4,325.8,718.4,371.0,a,,,1.0,EVE,False,,1.0,28.970000000000002,28.970000000000002,5.2672727272727276
69,Scott,Bournemouth,BOU,MID,6.0,1.6,136,2848,3,2,0.0,3.7,139.0,597.2,482.0,314.0,a,,,1.0,MCI,False,,1.0,28.91,28.91,4.818333333333333
210,Wharton,Crystal Palace,CRY,MID,5.5,0.3,112,2552,1,6,0.0,3.3,139.6,494.4,720.0,180.0,a,,100.0,1.0,EVE,False,,1.0,28.91,28.91,5.256363636363637
389,Matheus N.,Man City,MCI,DEF,6.0,4.8,154,2861,1,8,0.0,4.5,137.6,696.0,545.0,131.0,a,,,1.0,BOU,True,,1.0,28.87,28.87,4.8116666666666665
445,Thiaw,Newcastle,NEW,DEF,5.0,2.0,126,2963,4,0,0.0,3.6,138.9,868.0,114.3,409.0,a,,,1.0,LIV,True,,1.0,28.86,28.86,5.772
372,Mac Allister,Liverpool,LIV,MID,5.5,1.9,108,2654,2,5,0.0,2.9,139.9,475.4,562.2,365.0,a,,,1.0,NEW,False,,1.0,28.850000000000005,28.850000000000005,5.245454545454546
544,Xhaka,Sunderland,SUN,MID,5.5,5.5,124,2901,1,6,0.0,3.6,138.1,685.0,595.3,101.0,a,,,1.0,IPS,False,,1.0,28.700000000000003,28.700000000000003,5.218181818181819
32,Cash,Aston Villa,AVL,DEF,4.5,7.9,117,3016,3,3,0.0,3.3,137.5,643.0,510.7,221.0,a,,,1.0,BHA,False,,1.0,28.49,28.49,6.3311111111111105
45,McGinn,Aston Villa,AVL,MID,5.5,2.7,103,2136,5,4,0.0,3.4,137.3,459.8,605.3,309.0,a,,,1.0,BHA,False,,1.0,28.480000000000004,28.480000000000004,5.178181818181819
208,Sarr,Crystal Palace,CRY,MID,6.5,8.7,117,2173,9,2,0.0,4.2,135.1,479.8,269.4,601.0,a,,,1.0,EVE,False,,1.0,28.28,28.28,4.350769230769231
204,Mitchell,Crystal Palace,CRY,DEF,4.5,6.8,135,3253,1,3,0.0,3.6,136.0,649.0,467.3,241.0,a,,,1.0,EVE,False,,1.0,28.28,28.28,6.2844444444444445
491,Igor Jesus,Nott'm Forest,NFO,FWD,6.0,5.1,114,2293,6,6,0.0,3.1,136.4,420.6,240.7,726.0,a,,,1.0,LEE,True,,1.0,28.21,28.21,4.701666666666667
84,Collins,Brentford,BRE,DEF,5.5,2.0,129,2971,1,2,0.0,3.7,131.9,848.6,143.8,325.0,a,,,1.0,TOT,True,,1.0,27.490000000000002,27.490000000000002,4.998181818181819
482,Hudson-Odoi,Nott'm Forest,NFO,MID,6.0,0.1,88,1838,3,4,0.0,2.9,130.6,366.6,611.7,330.0,a,,100.0,1.0,LEE,True,,1.0,26.990000000000002,26.990000000000002,4.498333333333334
4,Gabriel,Arsenal,ARS,DEF,8.0,26.5,209,2750,3,5,0.0,6.5,125.0,824.0,128.5,298.0,a,,,1.0,COV,True,,1.0,26.95,26.95,3.36875
124,Groß,Brighton,BHA,MID,5.5,9.5,78,1636,1,6,0.0,4.1,128.5,397.2,668.2,220.0,a,,,1.0,AVL,True,,1.0,26.930000000000003,26.930000000000003,4.896363636363637
19,Zubimendi,Arsenal,ARS,MID,5.5,1.5,133,2991,5,1,0.0,3.5,126.2,603.2,385.1,271.0,a,,,1.0,COV,True,,1.0,26.290000000000003,26.290000000000003,4.78
97,Jensen,Brentford,BRE,MID,5.5,0.1,98,2239,3,2,0.0,2.7,126.9,435.6,632.7,201.0,a,,,1.0,TOT,True,,1.0,26.19,26.19,4.761818181818182
200,Lacroix,Chelsea,CHE,DEF,6.0,11.7,154,3085,1,2,0.0,4.4,124.3,822.0,106.4,316.0,a,,,1.0,FUL,False,,1.0,26.18,26.18,4.363333333333333
248,Beto,Everton,EVE,FWD,5.5,3.2,104,1551,9,1,0.0,2.8,124.5,445.8,159.8,655.0,a,,,1.0,CRY,True,,1.0,25.740000000000002,25.740000000000002,4.680000000000001
113,F.Kadıoğlu,Brighton,BHA,DEF,4.5,2.9,118,3130,1,2,0.0,3.2,123.7,505.0,444.8,284.0,a,,,1.0,AVL,True,,1.0,25.700000000000003,25.700000000000003,5.711111111111112
532,Ballard,Sunderland,SUN,DEF,5.0,3.9,116,2144,2,2,0.0,4.0,121.5,662.8,181.2,370.0,a,,,1.0,IPS,False,,1.0,25.5,25.5,5.1
88,Kayode,Brentford,BRE,DEF,4.5,3.8,113,3258,1,2,0.0,3.1,121.7,613.8,470.2,130.0,a,,,1.0,TOT,True,,1.0,25.270000000000003,25.270000000000003,5.615555555555556
415,Dorgu,Man Utd,MUN,MID,6.0,1.7,95,1440,4,4,0.0,3.7,120.3,469.0,394.2,341.0,a,,,1.0,HUL,False,,1.0,25.17,25.17,4.195
41,Buendía,Aston Villa,AVL,MID,6.0,0.9,102,1753,6,2,0.0,2.8,121.4,427.0,402.1,398.0,a,,,1.0,BHA,False,,1.0,25.12,25.12,4.1866666666666665
484,Hutchinson,Nott'm Forest,NFO,MID,5.5,0.2,82,1676,1,7,0.0,2.6,121.6,333.6,527.1,356.0,a,,,1.0,LEE,True,,1.0,25.1,25.1,4.5636363636363635
534,Hume,Sunderland,SUN,DEF,4.5,3.4,110,3032,2,1,0.0,2.9,120.9,547.8,421.3,248.0,a,,,1.0,IPS,False,,1.0,25.050000000000004,25.050000000000004,5.566666666666667
417,Dalot,Man Utd,MUN,DEF,5.0,3.1,111,2609,1,6,0.0,3.3,119.6,535.8,458.5,202.0,a,,,1.0,HUL,False,,1.0,24.91,24.91,4.982
127,Gomez,Brighton,BHA,MID,5.0,1.9,97,2117,5,1,0.0,3.0,119.0,438.2,319.7,432.0,a,,,1.0,AVL,True,,1.0,24.7,24.7,4.9399999999999995
463,Woltemade,Newcastle,NEW,FWD,6.0,1.7,108,1896,8,4,0.0,3.3,117.5,447.2,314.4,425.0,a,,,1.0,LIV,True,,1.0,24.49,24.49,4.081666666666666
449,Hall,Newcastle,NEW,DEF,5.0,4.0,79,2176,1,2,0.0,2.6,118.0,550.2,433.6,196.0,a,,,1.0,LIV,True,,1.0,24.380000000000003,24.380000000000003,4.876
336,Okafor,Leeds,LEE,MID,6.0,0.7,109,1553,8,3,0.0,3.9,115.0,438.8,275.0,435.0,a,,,1.0,NFO,False,,1.0,24.17,24.17,4.028333333333333
338,Ampadu,Leeds,LEE,MID,5.5,1.6,134,3119,1,4,0.0,3.8,114.7,592.2,384.8,166.0,a,,,1.0,NFO,False,,1.0,24.080000000000002,24.080000000000002,4.378181818181819
14,Eze,Arsenal,ARS,MID,6.5,3.2,113,1885,7,3,0.0,3.4,115.1,393.4,305.7,455.0,a,,,1.0,COV,True,,1.0,24.04,24.04,3.6984615384615385
328,Struijk,Brighton,BHA,DEF,5.0,0.5,108,2935,0,1,0.0,3.2,113.1,697.4,161.5,272.0,a,,,1.0,AVL,True,,1.0,23.580000000000002,23.580000000000002,4.716
231,Keane,Everton,EVE,DEF,5.0,1.6,131,2588,3,1,0.0,4.0,111.7,770.4,47.4,299.0,a,,,1.0,CRY,True,,1.0,23.540000000000003,23.540000000000003,4.708
125,Georginio,Brighton,BHA,FWD,5.5,0.9,87,1776,3,5,0.0,2.7,113.5,338.6,349.5,448.0,a,,,1.0,AVL,True,,1.0,23.51,23.51,4.274545454545454
43,Tielemans,Man Utd,MUN,MID,6.0,1.0,68,1857,0,4,0.0,2.7,113.1,432.0,513.6,184.0,a,,100.0,1.0,HUL,False,,1.0,23.43,23.43,3.905
455,Tonali,Spurs,TOT,MID,5.5,4.2,81,2534,0,2,0.0,2.3,113.4,398.0,534.1,198.0,a,,,1.0,BRE,False,,1.0,23.370000000000005,23.370000000000005,4.24909090909091
404,Reijnders,Man City,MCI,MID,6.0,0.4,92,1623,5,3,0.0,3.3,111.2,340.0,347.8,435.0,a,,,1.0,BOU,True,,1.0,23.23,23.23,3.8716666666666666
159,Caicedo,Chelsea,CHE,MID,5.5,4.0,110,2796,3,1,0.0,3.3,109.2,562.4,403.1,128.0,a,,,1.0,FUL,False,,1.0,22.830000000000002,22.830000000000002,4.150909090909091
144,Gusto,Chelsea,CHE,DEF,5.0,1.1,96,2255,2,3,0.0,2.8,109.8,443.6,448.5,205.0,a,,,1.0,FUL,False,,1.0,22.8,22.8,4.5600000000000005
329,Rodon,Leeds,LEE,DEF,4.5,1.9,109,2952,2,0,0.0,3.1,109.1,707.2,137.3,242.0,a,,,1.0,NFO,False,,1.0,22.75,22.75,5.055555555555555
202,Richards,Crystal Palace,CRY,DEF,5.0,0.8,128,2825,1,0,0.0,3.9,107.6,727.2,159.6,185.0,a,,,1.0,EVE,False,,1.0,22.689999999999998,22.689999999999998,4.537999999999999
232,O'Brien,Everton,EVE,DEF,5.0,0.5,116,3118,1,3,0.0,3.1,107.5,582.8,282.9,206.0,a,,,1.0,CRY,True,,1.0,22.43,22.43,4.486
142,James,Chelsea,CHE,DEF,5.5,7.9,115,1957,2,6,0.0,4.0,106.1,459.0,483.7,116.0,a,,,1.0,FUL,False,,1.0,22.419999999999998,22.419999999999998,4.076363636363636
439,Šeško,Man Utd,MUN,FWD,7.0,2.5,111,1630,11,2,0.0,3.7,143.4,483.8,156.1,803.0,d,Shin injury - 75% chance of playing,75.0,0.75,HUL,False,,1.0,29.790000000000003,22.3425,3.1917857142857144
85,Van den Berg,Brentford,BRE,DEF,5.0,0.7,113,2761,0,3,0.0,3.5,106.3,659.0,98.0,305.0,a,,,1.0,TOT,True,,1.0,22.310000000000002,22.310000000000002,4.462000000000001
514,Tel,Spurs,TOT,MID,6.0,0.4,78,1334,4,2,0.0,2.5,107.6,303.4,457.2,312.0,a,,,1.0,BRE,False,,1.0,22.27,22.27,3.7116666666666664
86,Lewis-Potter,Brentford,BRE,MID,5.5,0.5,115,1960,3,4,0.0,3.2,106.4,378.2,332.2,353.0,a,,,1.0,TOT,True,,1.0,22.240000000000002,22.240000000000002,4.043636363636364
552,Brobbey,Sunderland,SUN,FWD,6.0,18.3,92,1920,7,2,0.0,3.0,106.7,333.4,200.5,552.0,a,,,1.0,IPS,False,,1.0,22.240000000000002,22.240000000000002,3.706666666666667
457,J.Murphy,Newcastle,NEW,MID,6.0,0.2,82,1606,3,2,0.0,2.5,106.0,330.8,393.7,346.0,a,,,1.0,LIV,True,,1.0,21.950000000000003,21.950000000000003,3.6583333333333337
15,Ødegaard,Arsenal,ARS,MID,6.5,2.9,74,1363,1,7,0.0,3.1,104.4,311.8,564.4,168.0,a,,,1.0,COV,True,,1.0,21.810000000000002,21.810000000000002,3.3553846153846156
373,C.Jones,Liverpool,LIV,MID,5.5,0.1,81,1923,1,3,0.0,2.4,104.6,407.4,412.1,227.0,a,,,1.0,NEW,False,,1.0,21.64,21.64,3.9345454545454546
74,Brooks,Bournemouth,BOU,MID,5.0,0.2,59,1188,1,3,0.0,1.9,104.1,236.2,384.5,434.0,a,,,1.0,MCI,False,,1.0,21.39,21.39,4.2780000000000005
233,Mykolenko,Everton,EVE,DEF,4.5,1.3,95,2959,0,1,0.0,2.9,102.3,559.2,394.1,71.0,a,,,1.0,CRY,True,,1.0,21.330000000000002,21.330000000000002,4.74
54,Gomes,Aston Villa,AVL,MID,5.5,0.3,85,2207,1,1,0.0,3.0,102.0,486.6,353.4,176.0,a,,,1.0,BHA,False,,1.0,21.3,21.3,3.872727272727273
249,Barry,Everton,EVE,FWD,5.5,0.9,95,1898,8,0,0.0,2.5,102.5,341.0,207.7,501.0,a,,,1.0,CRY,True,,1.0,21.25,21.25,3.8636363636363638
262,Smith Rowe,Fulham,FUL,MID,5.5,0.4,80,1909,3,1,0.0,2.2,102.6,291.6,330.0,404.0,a,,,1.0,CHE,True,,1.0,21.18,21.18,3.850909090909091
16,Madueke,Arsenal,ARS,MID,6.5,0.4,72,1205,3,1,0.0,2.8,101.3,257.4,352.8,404.0,a,,,1.0,COV,True,,1.0,21.1,21.1,3.246153846153846
143,Chalobah,Chelsea,CHE,DEF,5.5,1.9,136,2780,3,1,0.0,4.0,99.1,719.2,111.2,160.0,a,,,1.0,FUL,False,,1.0,21.02,21.02,3.821818181818182
533,Mukiele,Sunderland,SUN,DEF,5.5,6.9,151,2784,3,5,0.0,4.7,132.9,733.6,353.1,242.0,d,Knock - 75% chance of playing,75.0,0.75,IPS,False,,1.0,27.990000000000002,20.9925,3.816818181818182
503,Van de Ven,Spurs,TOT,DEF,5.0,6.8,116,3041,4,1,0.0,3.3,99.6,683.4,95.2,218.0,a,,,1.0,BRE,False,,1.0,20.91,20.91,4.182
330,Bogle,Leeds,LEE,DEF,4.5,0.4,96,2795,1,5,0.0,2.8,100.3,436.0,346.1,218.0,a,,,1.0,NFO,False,,1.0,20.900000000000002,20.900000000000002,4.644444444444445
115,De Cuyper,Brighton,BHA,DEF,4.5,1.3,84,1404,2,3,0.0,2.8,99.9,327.8,516.6,154.0,a,,,1.0,AVL,True,,1.0,20.820000000000004,20.820000000000004,4.626666666666668
160,Garnacho,Aston Villa,AVL,MID,6.0,1.0,56,1261,1,4,0.0,2.3,100.5,211.4,405.3,399.0,a,,,1.0,BHA,False,,1.0,20.790000000000003,20.790000000000003,3.4650000000000003
116,Dunk,Brighton,BHA,DEF,4.5,0.8,100,2837,1,1,0.0,3.0,98.7,649.6,125.5,210.0,a,,,1.0,AVL,True,,1.0,20.64,20.64,4.586666666666667
30,Digne,Aston Villa,AVL,DEF,4.5,1.4,97,1842,0,7,0.0,3.1,98.5,400.2,455.5,130.0,a,,,1.0,BHA,False,,1.0,20.630000000000003,20.630000000000003,4.584444444444445
358,Kerkez,Liverpool,LIV,DEF,5.5,5.4,85,2251,2,1,0.0,2.5,99.4,434.6,415.8,141.0,a,,,1.0,NEW,False,,1.0,20.630000000000003,20.630000000000003,3.7509090909090914
130,Wieffer,Brighton,BHA,DEF,5.0,0.3,94,1901,2,4,0.0,3.6,97.7,477.0,291.1,209.0,a,,,1.0,AVL,True,,1.0,20.620000000000005,20.620000000000005,4.1240000000000006
497,Dubravka,Spurs,TOT,GKP,4.0,23.2,96,3150,0,0,0.0,2.7,97.9,976.4,0.0,0.0,a,,,1.0,BRE,False,,1.0,20.39,20.39,5.0975
423,Shaw,Man Utd,MUN,DEF,4.5,24.5,113,3220,1,1,0.0,3.0,97.4,560.2,314.8,97.0,a,,,1.0,HUL,False,,1.0,20.380000000000003,20.380000000000003,4.52888888888889
238,Grealish,Man City,MCI,MID,6.5,0.2,79,1627,2,6,0.0,4.0,129.2,374.2,520.5,397.0,d,Foot injury - 75% chance of playing,75.0,0.75,BOU,True,,1.0,27.04,20.28,3.12
123,Hinshelwood,Brighton,BHA,MID,6.0,0.3,91,1736,4,5,0.0,3.4,94.8,312.6,228.0,412.0,a,,,1.0,AVL,True,,1.0,19.98,19.98,3.33
109,Verbruggen,Brighton,BHA,GKP,4.5,17.2,130,3420,0,0,0.0,3.4,94.7,935.0,10.0,0.0,a,,,1.0,AVL,True,,1.0,19.96,19.96,4.435555555555556
82,Kelleher,Brentford,BRE,GKP,5.0,5.6,143,3330,0,0,0.0,3.9,93.8,913.8,23.0,0.0,a,,,1.0,TOT,True,,1.0,19.93,19.93,3.9859999999999998
500,Romero,Spurs,TOT,DEF,5.0,1.1,91,1869,4,1,0.0,4.0,93.2,574.8,133.6,223.0,a,,,1.0,BRE,False,,1.0,19.84,19.84,3.968
458,Joelinton,Newcastle,NEW,MID,5.5,0.0,73,1950,2,1,0.0,2.7,95.0,324.4,296.3,329.0,a,,100.0,1.0,LIV,True,,1.0,19.81,19.81,3.6018181818181816
529,Roefs,Sunderland,SUN,GKP,5.0,5.0,136,3150,0,0,0.0,3.9,93.1,881.6,50.0,0.0,a,,,1.0,IPS,False,,1.0,19.79,19.79,3.9579999999999997
267,Lukić,Fulham,FUL,MID,5.0,0.1,67,1730,1,4,0.0,2.6,93.4,317.6,441.6,176.0,a,,,1.0,CHE,True,,1.0,19.460000000000004,19.460000000000004,3.892000000000001
36,Maatsen,Aston Villa,AVL,DEF,4.5,0.6,54,1590,0,1,0.0,1.8,94.3,336.6,373.4,231.0,a,,,1.0,BHA,False,,1.0,19.4,19.4,4.311111111111111
226,Pickford,Everton,EVE,GKP,5.5,8.9,135,3420,0,0,0.0,3.6,90.8,885.2,20.3,2.0,a,,,1.0,CRY,True,,1.0,19.240000000000002,19.240000000000002,3.4981818181818185
265,Berge,Fulham,FUL,MID,5.0,0.4,91,2904,0,3,0.0,2.6,91.0,437.8,365.1,105.0,a,,,1.0,CHE,True,,1.0,18.98,18.98,3.7960000000000003
222,Strand Larsen,Crystal Palace,CRY,FWD,6.0,0.6,75,2301,4,1,0.0,2.1,91.5,265.2,203.1,469.0,a,,,1.0,EVE,False,,1.0,18.93,18.93,3.155
332,Justin,Leeds,LEE,DEF,4.5,0.5,94,1893,2,1,0.0,3.2,88.3,469.8,190.9,220.0,a,,,1.0,NFO,False,,1.0,18.62,18.62,4.137777777777778
447,Botman,Newcastle,NEW,DEF,5.0,0.4,89,1834,1,1,0.0,3.6,87.4,597.0,85.8,190.0,a,,,1.0,LIV,True,,1.0,18.560000000000002,18.560000000000002,3.7120000000000006
535,Alderete,Sunderland,SUN,DEF,5.0,1.1,125,2797,1,1,0.0,3.8,117.0,749.0,138.1,279.0,d,Knock - 75% chance of playing,75.0,0.75,IPS,False,,1.0,24.540000000000003,18.405,3.681
60,Hill,Bournemouth,BOU,DEF,5.5,1.2,110,2102,0,3,0.0,3.8,86.3,579.4,161.7,119.0,a,,,1.0,MCI,False,,1.0,18.400000000000002,18.400000000000002,3.3454545454545457
327,Bijol,Leeds,LEE,DEF,5.0,0.3,99,1888,1,3,0.0,4.0,86.0,531.8,84.5,243.0,a,,,1.0,NFO,False,,1.0,18.4,18.4,3.6799999999999997
269,Sessegnon,Fulham,FUL,DEF,4.5,0.4,95,1816,3,3,0.0,3.5,86.7,413.8,225.0,229.0,a,,,1.0,CHE,True,,1.0,18.39,18.39,4.086666666666667
471,Milenković,Nott'm Forest,NFO,DEF,5.5,2.3,119,3375,0,1,0.0,3.1,86.9,680.4,66.9,120.0,a,,,1.0,LEE,True,,1.0,18.310000000000002,18.310000000000002,3.3290909090909095
140,Sánchez,Chelsea,CHE,GKP,5.0,2.0,113,3040,0,1,0.0,3.2,86.7,822.2,50.0,0.0,a,,,1.0,FUL,False,,1.0,18.3,18.3,3.66
347,Nmecha,Leeds,LEE,FWD,5.5,0.6,73,1065,6,1,0.0,2.4,87.8,290.4,153.5,434.0,a,,,1.0,NFO,False,,1.0,18.279999999999998,18.279999999999998,3.3236363636363633
198,Henderson,Crystal Palace,CRY,GKP,5.0,3.1,131,3330,0,0,0.0,3.5,84.7,837.8,10.0,0.0,a,,,1.0,EVE,False,,1.0,17.990000000000002,17.990000000000002,3.5980000000000003
129,Ayari,Brighton,BHA,MID,5.5,0.8,98,1921,3,4,0.0,3.4,84.5,359.8,251.3,231.0,a,,,1.0,AVL,True,,1.0,17.92,17.92,3.2581818181818183
257,Bassey,Fulham,FUL,DEF,4.5,0.6,103,2532,1,1,0.0,3.4,84.5,574.0,152.2,115.0,a,,,1.0,CHE,True,,1.0,17.92,17.92,3.9822222222222226
258,Castagne,Fulham,FUL,DEF,4.5,0.2,61,1838,0,2,0.0,2.0,86.2,373.0,292.2,195.0,a,,,1.0,CHE,True,,1.0,17.840000000000003,17.840000000000003,3.964444444444445
31,Konsa,Aston Villa,AVL,DEF,4.5,16.5,100,3035,0,1,0.0,2.9,84.0,601.4,108.3,124.0,a,,,1.0,BHA,False,,1.0,17.67,17.67,3.926666666666667
545,Sadiki,Sunderland,SUN,MID,5.0,0.4,80,2891,0,2,0.0,2.4,84.6,347.6,333.3,162.0,a,,,1.0,IPS,False,,1.0,17.639999999999997,17.639999999999997,3.5279999999999996
102,Yarmoliuk,Brentford,BRE,MID,5.0,1.5,104,2652,1,3,0.0,2.8,83.4,445.0,273.0,117.0,a,,,1.0,TOT,True,,1.0,17.520000000000003,17.520000000000003,3.5040000000000004
390,Rúben,Man City,MCI,DEF,5.5,1.5,113,2139,2,0,0.0,4.3,81.0,560.8,152.2,96.0,a,,,1.0,BOU,True,,1.0,17.49,17.49,3.1799999999999997
57,Petrović,Bournemouth,BOU,GKP,4.5,3.7,124,3420,0,0,0.0,3.3,82.4,822.6,0.0,0.0,a,,,1.0,MCI,False,,1.0,17.47,17.47,3.882222222222222
448,Burn,Newcastle,NEW,DEF,5.0,2.7,93,2195,1,3,0.0,3.2,82.1,525.8,107.3,186.0,a,,,1.0,LIV,True,,1.0,17.38,17.38,3.476
250,Leno,Fulham,FUL,GKP,4.5,3.2,122,3420,0,0,0.0,3.2,81.5,816.2,0.0,0.0,a,,,1.0,CHE,True,,1.0,17.26,17.26,3.835555555555556
432,Mainoo,Man Utd,MUN,MID,5.5,1.3,73,1653,1,2,0.0,2.6,82.1,365.0,360.1,94.0,a,,,1.0,HUL,False,,1.0,17.2,17.2,3.127272727272727
28,Martinez,Aston Villa,AVL,GKP,5.0,4.8,120,2835,0,1,0.0,3.8,79.2,769.8,23.2,0.0,a,,,1.0,BHA,False,,1.0,16.98,16.98,3.396
339,Longstaff,Leeds,LEE,MID,5.0,0.2,56,1003,2,2,0.0,2.4,81.2,291.8,403.7,116.0,a,,,1.0,NFO,False,,1.0,16.96,16.96,3.3920000000000003
8,Calafiori,Arsenal,ARS,DEF,5.5,16.9,109,1697,1,2,0.0,4.2,77.9,283.0,182.3,313.0,a,,,1.0,COV,True,,1.0,16.840000000000003,16.840000000000003,3.0618181818181824
254,Robinson,Fulham,FUL,DEF,4.5,2.6,65,1487,1,0,0.0,3.0,79.3,375.0,334.6,82.0,a,,,1.0,CHE,True,,1.0,16.759999999999998,16.759999999999998,3.724444444444444
98,Janelt,Brentford,BRE,MID,5.0,0.1,74,1434,1,4,0.0,3.0,79.0,350.4,351.8,97.0,a,,,1.0,TOT,True,,1.0,16.7,16.7,3.34
456,J.Ramsey,Newcastle,NEW,MID,5.0,0.4,62,1441,2,3,0.0,2.2,79.9,304.4,330.3,165.0,a,,,1.0,LIV,True,,1.0,16.64,16.64,3.3280000000000003
512,Kudus,Spurs,TOT,MID,6.5,0.2,75,1535,2,6,0.0,3.9,104.7,333.4,413.8,302.0,d,Thigh injury - 75% chance of playing,75.0,0.75,BRE,False,,1.0,22.11,16.5825,2.551153846153846
67,Rayan,Bournemouth,BOU,MID,6.5,3.4,67,1110,5,2,0.0,4.5,75.3,277.6,211.9,263.0,a,,,1.0,MCI,False,,1.0,16.41,16.41,2.5246153846153847
18,Martinelli,Arsenal,ARS,MID,6.5,0.3,57,1065,1,5,0.0,1.9,79.0,204.6,202.2,390.0,a,,,1.0,COV,True,,1.0,16.37,16.37,2.5184615384615388
488,Sangaré,Nott'm Forest,NFO,MID,5.0,0.6,89,2073,2,2,0.0,3.2,76.8,434.4,205.9,126.0,a,,,1.0,LEE,True,,1.0,16.32,16.32,3.2640000000000002
256,Tete,Fulham,FUL,DEF,4.5,0.2,81,1791,1,0,0.0,3.7,73.9,416.0,214.1,108.0,a,,,1.0,CHE,True,,1.0,15.89,15.89,3.531111111111111
77,Adli,Bournemouth,BOU,MID,5.0,0.2,67,1074,3,2,0.0,2.2,76.1,272.6,235.9,260.0,a,,,1.0,MCI,False,,1.0,15.879999999999999,15.879999999999999,3.1759999999999997
467,Sels,Nott'm Forest,NFO,GKP,5.0,1.5,105,2667,0,0,0.0,3.4,74.0,730.0,10.0,0.0,a,,,1.0,LEE,True,,1.0,15.82,15.82,3.164
472,Murillo,Nott'm Forest,NFO,DEF,5.5,0.3,83,2130,1,0,0.0,3.3,74.0,542.2,115.5,82.0,a,,100.0,1.0,LEE,True,,1.0,15.790000000000001,15.790000000000001,2.870909090909091
209,Johnson,Crystal Palace,CRY,MID,6.0,0.1,65,1710,2,1,0.0,1.9,75.8,223.4,311.1,230.0,a,,,1.0,EVE,False,,1.0,15.73,15.73,2.6216666666666666
214,Kamada,Crystal Palace,CRY,MID,5.0,0.3,67,1899,0,2,0.0,2.4,74.5,239.2,350.1,155.0,a,,,1.0,EVE,False,,1.0,15.620000000000001,15.620000000000001,3.124
17,Merino,Arsenal,ARS,MID,6.0,1.1,67,1024,4,3,0.0,3.0,73.6,304.4,191.8,244.0,a,,,1.0,COV,True,,1.0,15.62,15.62,2.603333333333333
494,Vicario,Spurs,TOT,GKP,4.5,1.4,90,2790,0,0,0.0,2.9,72.2,709.2,10.1,0.0,a,,,1.0,BRE,False,,1.0,15.31,15.31,3.4022222222222225
157,Estêvão,Chelsea,CHE,MID,6.5,1.7,58,839,2,5,0.0,2.6,72.6,183.4,230.9,314.0,a,,,1.0,FUL,False,,1.0,15.299999999999999,15.299999999999999,2.3538461538461535
391,Gvardiol,Man City,MCI,DEF,5.5,12.9,79,1370,2,2,0.0,4.4,69.8,369.0,109.5,218.0,a,,,1.0,BOU,True,,1.0,15.280000000000001,15.280000000000001,2.7781818181818183
268,King,Fulham,FUL,MID,5.5,0.1,63,1290,1,3,0.0,2.0,73.3,207.4,198.7,336.0,a,,,1.0,CHE,True,,1.0,15.26,15.26,2.7745454545454544
9,Hincapie,Arsenal,ARS,DEF,5.5,4.1,87,1787,1,2,0.0,3.5,70.9,453.6,184.7,72.0,a,,,1.0,COV,True,,1.0,15.230000000000002,15.230000000000002,2.7690909090909095
442,Pope,Newcastle,NEW,GKP,5.0,1.2,96,2416,0,1,0.0,3.6,70.7,671.0,0.0,35.0,a,,,1.0,LIV,True,,1.0,15.22,15.22,3.044
213,Lerma,Crystal Palace,CRY,MID,5.0,0.1,69,1722,0,5,0.0,2.2,72.5,287.6,207.2,233.0,a,,,1.0,EVE,False,,1.0,15.16,15.16,3.032
553,Isidor,Sunderland,SUN,FWD,5.5,1.2,74,1148,6,1,0.0,2.3,71.5,242.0,30.4,444.0,a,,,1.0,IPS,False,,1.0,14.99,14.99,2.7254545454545456
505,Spence,Spurs,TOT,DEF,4.5,8.9,78,2049,0,0,0.0,2.6,70.5,291.0,209.7,207.0,a,,,1.0,BRE,False,,1.0,14.88,14.88,3.3066666666666666
384,Donnarumma,Man City,MCI,GKP,5.5,11.0,135,3060,0,0,0.0,4.0,68.0,666.6,10.3,2.0,a,,,1.0,BOU,True,,1.0,14.8,14.8,2.690909090909091
549,Talbi,Sunderland,SUN,MID,5.5,0.2,83,1553,4,2,0.0,3.0,69.1,238.8,211.5,245.0,a,,,1.0,IPS,False,,1.0,14.72,14.72,2.6763636363636363
263,Kevin,Fulham,FUL,MID,5.5,0.1,49,1030,1,3,0.0,1.9,70.4,216.0,246.6,243.0,a,,,1.0,CHE,True,,1.0,14.650000000000002,14.650000000000002,2.663636363636364
516,Bentancur,Spurs,TOT,MID,5.5,0.1,86,1880,1,1,0.0,3.3,67.4,349.0,197.8,124.0,a,,,1.0,BRE,False,,1.0,14.470000000000002,14.470000000000002,2.6309090909090913
518,P.M.Sarr,Spurs,TOT,MID,5.0,0.4,71,1388,2,4,0.0,2.7,68.2,336.0,188.3,156.0,a,,,1.0,BRE,False,,1.0,14.450000000000001,14.450000000000001,2.89
502,Robertson,Spurs,TOT,DEF,4.5,1.9,55,1165,1,0,0.0,2.3,68.2,239.8,318.8,121.0,a,,,1.0,BRE,False,,1.0,14.33,14.33,3.1844444444444444
73,Adams,Bournemouth,BOU,MID,5.0,0.7,77,1769,2,2,0.0,3.1,66.3,387.0,158.2,115.0,a,,,1.0,MCI,False,,1.0,14.19,14.19,2.838
47,Kamara,Aston Villa,AVL,MID,5.0,0.1,61,1410,1,3,0.0,3.4,64.2,325.0,241.3,75.0,a,,100.0,1.0,BHA,False,,1.0,13.860000000000001,13.860000000000001,2.7720000000000002
264,Bobb,Fulham,FUL,MID,5.5,0.4,42,1030,0,2,0.0,1.8,66.4,140.4,315.4,205.0,a,,,1.0,CHE,True,,1.0,13.82,13.82,2.5127272727272727
418,Maguire,Man Utd,MUN,DEF,5.0,8.9,90,1649,1,2,0.0,3.9,63.0,381.6,62.5,184.0,a,,,1.0,HUL,False,,1.0,13.770000000000001,13.770000000000001,2.7540000000000004
412,Lammens,Man Utd,MUN,GKP,5.0,20.1,109,2880,0,0,0.0,3.4,63.7,635.6,0.0,2.0,a,,,1.0,HUL,False,,1.0,13.760000000000002,13.760000000000002,2.7520000000000002
403,Savinho,Man City,MCI,MID,6.5,0.1,43,817,1,2,0.0,1.8,65.8,138.6,198.4,321.0,a,,,1.0,BOU,True,,1.0,13.7,13.7,2.1076923076923078
401,Marmoush,Man City,MCI,FWD,7.0,0.7,56,691,3,3,0.0,2.7,64.4,203.2,159.8,284.0,a,,,1.0,BOU,True,,1.0,13.690000000000003,13.690000000000003,1.9557142857142862
345,Tanaka,Leeds,LEE,MID,5.0,0.3,67,1307,2,1,0.0,2.4,63.6,224.2,307.6,104.0,a,,,1.0,NFO,False,,1.0,13.440000000000001,13.440000000000001,2.688
465,Osula,Newcastle,NEW,FWD,6.0,1.4,76,805,7,1,0.0,3.2,62.2,256.6,82.6,284.0,a,,,1.0,LIV,True,,1.0,13.400000000000002,13.400000000000002,2.233333333333334
87,Ajer,Brentford,BRE,DEF,4.5,1.6,76,1805,0,2,0.0,2.8,62.7,401.4,59.1,165.0,a,,,1.0,TOT,True,,1.0,13.38,13.38,2.9733333333333336
526,Solanke,Spurs,TOT,FWD,6.0,2.5,40,997,3,0,0.0,2.7,62.7,205.0,84.1,339.0,a,,,1.0,BRE,False,,1.0,13.350000000000001,13.350000000000001,2.225
405,N.Gonzalez,Man City,MCI,MID,5.5,0.1,63,1561,1,0,0.0,2.5,61.5,309.8,234.1,72.0,a,,,1.0,BOU,True,,1.0,13.05,13.05,2.372727272727273
1,Raya,Arsenal,ARS,GKP,6.0,31.0,162,3330,0,0,0.0,4.4,57.5,541.6,33.5,0.0,a,,,1.0,COV,True,,1.0,12.82,12.82,2.1366666666666667
369,Ngumoha,Liverpool,LIV,MID,6.0,1.6,43,547,2,1,0.0,2.3,60.1,176.0,222.8,203.0,a,,,1.0,NEW,False,,1.0,12.71,12.71,2.1183333333333336
212,Hughes,Crystal Palace,CRY,MID,4.5,11.1,45,1560,0,1,0.0,1.5,60.9,198.0,322.9,90.0,a,,,1.0,EVE,False,,1.0,12.629999999999999,12.629999999999999,2.8066666666666666
487,Dominguez,Nott'm Forest,NFO,MID,5.0,0.1,48,1168,1,1,0.0,1.8,59.7,264.8,193.5,138.0,a,,,1.0,LEE,True,,1.0,12.48,12.48,2.496
46,Barkley,Aston Villa,AVL,MID,5.0,0.2,56,844,3,2,0.0,2.7,58.1,227.8,162.3,191.0,a,,,1.0,BHA,False,,1.0,12.430000000000001,12.430000000000001,2.486
70,Kluivert,Bournemouth,BOU,MID,6.0,1.1,41,945,2,0,0.0,2.0,58.8,148.0,305.1,135.0,a,,,1.0,MCI,False,,1.0,12.36,12.36,2.06
430,Mount,Man Utd,MUN,MID,5.5,0.1,58,1010,3,0,0.0,2.5,58.0,201.2,214.1,165.0,a,,,1.0,HUL,False,,1.0,12.350000000000001,12.350000000000001,2.2454545454545456
357,Frimpong,Liverpool,LIV,DEF,5.5,3.0,63,1032,0,5,0.0,3.0,56.5,133.2,244.6,186.0,a,,,1.0,NEW,False,,1.0,12.200000000000001,12.200000000000001,2.2181818181818183
440,Zirkzee,Man Utd,MUN,FWD,5.5,0.6,42,607,2,1,0.0,1.8,58.3,164.4,177.7,245.0,a,,,1.0,HUL,False,,1.0,12.2,12.2,2.2181818181818183
454,Elanga,Newcastle,NEW,MID,6.0,0.7,48,1302,0,1,0.0,1.5,57.8,130.4,266.7,185.0,a,,,1.0,LIV,True,,1.0,12.01,12.01,2.0016666666666665
483,Ndoye,Nott'm Forest,NFO,MID,5.5,0.5,50,1167,1,2,0.0,2.1,56.6,166.4,217.7,180.0,a,,,1.0,LEE,True,,1.0,11.950000000000001,11.950000000000001,2.172727272727273
501,Danso,Spurs,TOT,DEF,5.0,0.2,63,1489,0,0,0.0,2.6,55.5,407.0,49.5,96.0,a,,,1.0,BRE,False,,1.0,11.88,11.88,2.3760000000000003
519,Gallagher,Spurs,TOT,MID,5.5,0.3,44,1183,1,1,0.0,2.8,55.1,190.6,205.9,154.0,a,,,1.0,BRE,False,,1.0,11.860000000000001,11.860000000000001,2.1563636363636367
522,Gray,Spurs,TOT,MID,5.0,0.2,61,1471,2,2,0.0,2.5,55.5,259.4,138.1,158.0,a,,,1.0,BRE,False,,1.0,11.850000000000001,11.850000000000001,2.37
536,Reinildo,Sunderland,SUN,DEF,4.5,0.5,74,1966,0,2,0.0,3.0,54.7,376.4,130.2,39.0,a,,,1.0,IPS,False,,1.0,11.840000000000002,11.840000000000002,2.6311111111111116
543,Diarra,Sunderland,SUN,MID,5.5,0.1,65,1403,2,6,0.0,3.2,53.9,166.2,153.8,234.0,a,,,1.0,IPS,False,,1.0,11.740000000000002,11.740000000000002,2.1345454545454547
101,Henderson,Chelsea,CHE,MID,5.0,0.0,76,1911,1,3,0.0,2.4,74.4,336.6,358.3,49.0,d,Wrist injury - 75% chance of playing,75.0,0.75,FUL,False,,1.0,15.600000000000003,11.700000000000003,2.3400000000000007
460,Willock,Newcastle,NEW,MID,5.0,0.1,38,972,0,2,0.0,1.6,55.5,145.4,205.8,204.0,a,,,1.0,LIV,True,,1.0,11.580000000000002,11.580000000000002,2.3160000000000003
473,Aina,Nott'm Forest,NFO,DEF,4.5,4.3,67,1587,0,2,0.0,3.7,50.5,285.2,160.3,58.0,a,,,1.0,LEE,True,,1.0,11.21,11.21,2.4911111111111115
420,Yoro,Man Utd,MUN,DEF,5.0,0.7,56,1730,0,1,0.0,1.8,53.2,327.0,83.1,124.0,a,,,1.0,HUL,False,,1.0,11.18,11.18,2.2359999999999998
241,McNeil,Everton,EVE,MID,5.5,0.1,53,1161,0,3,0.0,2.4,52.2,140.6,242.4,138.0,a,,,1.0,CRY,True,,1.0,11.160000000000002,11.160000000000002,2.0290909090909093
392,Aït-Nouri,Man City,MCI,DEF,5.5,1.1,60,971,0,2,0.0,3.5,50.2,195.6,216.4,90.0,a,,,1.0,BOU,True,,1.0,11.090000000000002,11.090000000000002,2.0163636363636366
138,Kostoulas,Brighton,BHA,FWD,5.5,0.3,35,351,2,1,0.0,1.7,52.4,143.6,126.5,255.0,a,,,1.0,AVL,True,,1.0,10.99,10.99,1.9981818181818183
26,Havertz,Arsenal,ARS,FWD,7.5,3.8,36,577,2,3,0.0,3.0,49.9,152.6,134.6,210.0,a,,,1.0,COV,True,,1.0,10.88,10.88,1.4506666666666668
470,Morato,Nott'm Forest,NFO,DEF,5.0,0.1,53,1340,1,0,0.0,2.5,50.5,371.2,37.6,96.0,a,,,1.0,LEE,True,,1.0,10.850000000000001,10.850000000000001,2.1700000000000004
203,Canvot,Crystal Palace,CRY,DEF,5.0,0.6,72,1331,0,0,0.0,3.6,48.1,362.4,63.8,56.0,a,,,1.0,EVE,False,,1.0,10.700000000000001,10.700000000000001,2.14
350,A.Becker,Liverpool,LIV,GKP,5.5,4.1,91,2340,0,0,0.0,3.5,47.8,479.8,0.1,0.0,a,,,1.0,NEW,False,,1.0,10.610000000000001,10.610000000000001,1.9290909090909094
492,Awoniyi,Nott'm Forest,NFO,FWD,5.5,0.4,43,480,4,2,0.0,2.5,48.4,177.2,79.0,235.0,a,,,1.0,LEE,True,,1.0,10.43,10.43,1.8963636363636363
490,Wood,Nott'm Forest,NFO,FWD,6.0,1.8,41,896,3,0,0.0,2.7,48.0,139.0,88.4,266.0,a,,,1.0,LEE,True,,1.0,10.410000000000002,10.410000000000002,1.7350000000000003
506,Udogie,Spurs,TOT,DEF,4.5,0.4,29,1335,0,1,0.0,1.4,49.8,207.2,187.0,103.0,a,,,1.0,BRE,False,,1.0,10.38,10.38,2.3066666666666666
446,Schär,Newcastle,NEW,DEF,5.0,0.2,51,1089,0,0,0.0,3.2,46.4,291.2,63.6,108.0,a,,100.0,1.0,LIV,True,,1.0,10.239999999999998,10.239999999999998,2.0479999999999996
33,Mings,Aston Villa,AVL,DEF,4.5,0.2,50,1322,0,1,0.0,2.9,46.8,282.6,80.5,105.0,a,,,1.0,BHA,False,,1.0,10.229999999999999,10.229999999999999,2.273333333333333
162,Andrey Santos,Man Utd,MUN,MID,5.0,1.4,47,1247,1,0,0.0,1.7,47.5,229.6,153.9,91.0,a,,,1.0,HUL,False,,1.0,10.01,10.01,2.002
27,G.Jesus,Arsenal,ARS,FWD,6.0,0.4,24,418,3,0,0.0,1.7,47.5,141.8,54.3,281.0,a,,,1.0,COV,True,,1.0,10.01,10.01,1.6683333333333332
271,Muniz,Fulham,FUL,FWD,5.5,0.7,36,987,1,1,0.0,1.7,47.3,113.2,93.2,287.0,a,,,1.0,CHE,True,,1.0,9.969999999999999,9.969999999999999,1.8127272727272725
167,Delap,Chelsea,CHE,FWD,5.5,0.5,45,1092,1,2,0.0,1.6,47.3,67.8,73.7,349.0,a,,,1.0,FUL,False,,1.0,9.94,9.94,1.8072727272727271
34,Pau,Aston Villa,AVL,DEF,4.5,0.3,64,1673,0,2,0.0,3.0,45.1,321.8,47.1,79.0,a,,,1.0,BHA,False,,1.0,9.920000000000002,9.920000000000002,2.204444444444445
240,Iroegbunam,Everton,EVE,MID,5.0,0.1,68,1477,0,3,0.0,2.3,45.9,255.0,125.2,81.0,a,,,1.0,CRY,True,,1.0,9.87,9.87,1.9739999999999998
393,Khusanov,Man City,MCI,DEF,5.5,2.0,67,1427,0,0,0.0,3.2,43.9,299.0,112.2,26.0,a,,,1.0,BOU,True,,1.0,9.739999999999998,9.739999999999998,1.7709090909090905
344,Gruev,Leeds,LEE,MID,5.0,0.0,56,1318,0,4,0.0,2.4,43.2,199.4,171.0,64.0,a,,,1.0,NFO,False,,1.0,9.360000000000001,9.360000000000001,1.8720000000000003
42,Guessand,Aston Villa,AVL,MID,5.5,0.0,44,909,1,3,0.0,2.1,42.0,159.4,76.6,187.0,a,,,1.0,BHA,False,,1.0,9.030000000000001,9.030000000000001,1.641818181818182
520,Bergvall,Spurs,TOT,MID,5.5,0.2,49,955,1,3,0.0,2.1,41.5,164.6,106.4,147.0,a,,,1.0,BRE,False,,1.0,8.930000000000001,8.930000000000001,1.623636363636364
266,Cairney,Fulham,FUL,MID,5.0,0.0,41,756,2,0,0.0,1.7,41.4,153.4,195.6,64.0,a,,,1.0,CHE,True,,1.0,8.79,8.79,1.7579999999999998
71,Cook,Bournemouth,BOU,MID,5.0,0.1,40,872,0,1,0.0,2.2,40.6,206.8,183.8,12.0,a,,,1.0,MCI,False,,1.0,8.780000000000001,8.780000000000001,1.7560000000000002
243,Alcaraz,Everton,EVE,MID,5.0,0.1,29,679,0,1,0.0,1.4,41.8,93.8,161.9,162.0,a,,,1.0,CRY,True,,1.0,8.78,8.78,1.7559999999999998
325,Darlow,Man Utd,MUN,GKP,4.5,0.0,71,1980,0,0,0.0,3.2,53.4,531.4,0.0,0.0,d,Unspecified injury - 75% chance of playing,75.0,0.75,HUL,False,,1.0,11.64,8.73,1.9400000000000002
379,Isak,Liverpool,LIV,FWD,9.0,12.0,41,694,3,1,0.0,2.9,36.9,146.4,39.2,191.0,a,,,1.0,NEW,False,,1.0,8.25,8.25,0.9166666666666666
215,Devenny,Crystal Palace,CRY,MID,5.0,0.0,36,785,1,0,0.0,1.7,38.4,115.0,101.8,168.0,a,,,1.0,EVE,False,,1.0,8.19,8.19,1.638
422,Mazraoui,Man Utd,MUN,DEF,4.5,0.7,53,977,0,0,0.0,2.6,36.8,209.0,122.4,37.0,a,,,1.0,HUL,False,,1.0,8.139999999999999,8.139999999999999,1.8088888888888885
224,Nketiah,Crystal Palace,CRY,FWD,5.5,0.5,23,414,2,0,0.0,1.9,37.8,120.0,84.6,173.0,a,,,1.0,EVE,False,,1.0,8.129999999999999,8.129999999999999,1.478181818181818
10,White,Arsenal,ARS,DEF,5.5,0.5,45,699,0,1,0.0,3.8,34.3,154.8,133.4,54.0,a,,100.0,1.0,COV,True,,1.0,7.999999999999999,7.999999999999999,1.4545454545454544
148,Hato,Chelsea,CHE,DEF,4.5,1.0,19,1139,0,0,0.0,0.9,38.4,233.2,114.9,36.0,a,,,1.0,FUL,False,,1.0,7.949999999999999,7.949999999999999,1.7666666666666666
548,Rigg,Sunderland,SUN,MID,5.0,0.1,36,758,1,1,0.0,2.0,36.0,114.6,142.8,103.0,a,,,1.0,IPS,False,,1.0,7.8,7.8,1.56
450,Livramento,Newcastle,NEW,DEF,5.0,0.1,59,1326,0,1,0.0,3.5,46.1,219.4,199.7,42.0,d,Calf injury - 75% chance of playing,75.0,0.75,LIV,True,,1.0,10.270000000000001,7.702500000000001,1.5405000000000002
485,Bakwa,Nott'm Forest,NFO,MID,5.5,0.0,26,549,0,2,0.0,1.9,35.6,86.4,178.8,95.0,a,,,1.0,LEE,True,,1.0,7.690000000000001,7.690000000000001,1.3981818181818184
62,Diakité,Bournemouth,BOU,DEF,5.0,0.2,46,1275,0,0,0.0,2.6,34.4,267.0,54.3,22.0,a,,,1.0,MCI,False,,1.0,7.66,7.66,1.532
370,Chiesa,Liverpool,LIV,MID,5.5,0.2,37,317,2,1,0.0,1.4,34.9,122.0,47.5,182.0,a,,,1.0,NEW,False,,1.0,7.4,7.4,1.3454545454545455
326,Perri,Leeds,LEE,GKP,4.5,0.7,43,1440,0,0,0.0,2.7,32.2,322.4,0.0,0.0,a,,,1.0,NFO,False,,1.0,7.250000000000002,7.250000000000002,1.6111111111111116
114,Boscagli,Brighton,BHA,DEF,4.5,0.1,39,799,0,1,0.0,3.2,31.1,215.6,82.2,12.0,a,,,1.0,AVL,True,,1.0,7.180000000000001,7.180000000000001,1.5955555555555556
11,Mosquera,Arsenal,ARS,DEF,5.5,15.4,40,986,0,0,0.0,2.0,32.9,219.2,88.7,20.0,a,,,1.0,COV,True,,1.0,7.18,7.18,1.3054545454545454
343,James,Leeds,LEE,MID,5.0,0.1,23,547,0,0,0.0,1.2,33.9,70.8,133.1,133.0,a,,,1.0,NFO,False,,1.0,7.140000000000001,7.140000000000001,1.4280000000000002
255,J.Cuenca,Fulham,FUL,DEF,4.5,0.0,39,935,0,0,0.0,2.6,31.2,249.6,47.2,14.0,a,,,1.0,CHE,True,,1.0,7.0200000000000005,7.0200000000000005,1.56
419,Martinez,Man Utd,MUN,DEF,5.0,0.6,51,1229,0,0,0.0,2.8,42.0,302.8,94.9,19.0,d,Thigh injury - 75% chance of playing,75.0,0.75,HUL,False,,1.0,9.24,6.93,1.386
230,Branthwaite,Everton,EVE,DEF,5.5,1.9,32,678,1,1,0.0,3.2,29.3,175.0,42.8,75.0,a,,,1.0,CRY,True,,1.0,6.82,6.82,1.24
158,Gittens,Chelsea,CHE,MID,6.0,0.1,25,486,0,2,0.0,1.6,31.3,93.0,130.4,91.0,a,,,1.0,FUL,False,,1.0,6.74,6.74,1.1233333333333333
421,Heaven,Man Utd,MUN,DEF,4.5,0.3,42,920,0,1,0.0,2.5,29.1,233.6,32.0,26.0,a,,,1.0,HUL,False,,1.0,6.57,6.57,1.46
351,Mamardashvili,Liverpool,LIV,GKP,5.0,0.2,34,867,0,0,0.0,3.4,27.5,275.6,0.0,0.0,a,,,1.0,NEW,False,,1.0,6.52,6.52,1.3039999999999998
44,Bailey,Aston Villa,AVL,MID,5.5,0.1,21,450,0,2,0.0,1.6,30.1,71.2,160.4,69.0,a,,,1.0,BHA,False,,1.0,6.5,6.5,1.1818181818181819
147,Tosin,Chelsea,CHE,DEF,4.5,0.2,34,788,0,0,0.0,2.1,29.3,240.4,33.3,19.0,a,,,1.0,FUL,False,,1.0,6.49,6.49,1.4422222222222223
64,Smith,Bournemouth,BOU,DEF,4.5,0.1,58,1073,0,2,0.0,2.6,27.1,176.2,76.6,18.0,a,,,1.0,MCI,False,,1.0,6.200000000000001,6.200000000000001,1.377777777777778
546,Adingra,Sunderland,SUN,MID,5.0,0.3,34,649,1,1,0.0,2.4,27.0,81.4,116.8,75.0,a,,,1.0,IPS,False,,1.0,6.12,6.12,1.224
89,Henry,Brentford,BRE,DEF,4.5,0.2,52,1322,0,2,0.0,2.1,26.9,151.6,82.0,35.0,a,,,1.0,TOT,True,,1.0,6.01,6.01,1.3355555555555556
56,Abraham,Aston Villa,AVL,FWD,5.5,0.1,23,278,2,0,0.0,1.9,27.1,87.2,49.2,136.0,a,,100.0,1.0,BHA,False,,1.0,5.990000000000001,5.990000000000001,1.0890909090909093
246,Röhl,Everton,EVE,MID,5.0,0.1,36,675,1,1,0.0,2.2,26.3,113.0,87.4,62.0,a,,,1.0,CRY,True,,1.0,5.920000000000001,5.920000000000001,1.1840000000000002
341,Gnonto,Leeds,LEE,MID,5.0,0.1,32,521,0,3,0.0,1.4,27.5,85.2,129.3,61.0,a,,,1.0,NFO,False,,1.0,5.92,5.92,1.184
489,Yates,Nott'm Forest,NFO,MID,4.5,7.1,30,602,0,2,0.0,1.4,27.2,139.0,79.7,55.0,a,,,1.0,LEE,True,,1.0,5.86,5.86,1.3022222222222224
151,Acheampong,Chelsea,CHE,DEF,4.5,0.2,39,657,1,0,0.0,2.3,24.4,132.6,40.9,70.0,a,,,1.0,FUL,False,,1.0,5.57,5.57,1.2377777777777779
464,Wissa,Newcastle,NEW,FWD,6.0,1.5,27,517,1,1,0.0,1.4,25.5,58.0,46.7,163.0,a,,,1.0,LIV,True,,1.0,5.5200000000000005,5.5200000000000005,0.92
259,Diop,Ipswich Town,IPS,DEF,4.0,19.0,31,812,1,0,0.0,2.4,23.0,190.8,8.0,31.0,a,,,1.0,SUN,True,,1.0,5.32,5.32,1.33
395,Lewis,Man City,MCI,DEF,4.5,0.2,19,401,0,1,0.0,1.7,23.8,70.8,112.5,55.0,a,,,1.0,BOU,True,,1.0,5.2700000000000005,5.2700000000000005,1.1711111111111112
242,George,Everton,EVE,MID,5.5,0.1,16,351,0,0,0.0,1.1,23.9,44.2,66.2,132.0,a,,,1.0,CRY,True,,1.0,5.11,5.11,0.9290909090909092
37,Lindelöf,Aston Villa,AVL,DEF,4.5,0.2,29,942,0,1,0.0,1.7,22.7,167.8,36.6,22.0,a,,,1.0,BHA,False,,1.0,5.05,5.05,1.1222222222222222
126,O'Riley,Brighton,BHA,MID,5.5,0.1,16,202,1,0,0.0,2.7,19.6,65.4,67.7,63.0,a,,,1.0,AVL,True,,1.0,4.73,4.73,0.8600000000000001
244,Armstrong,Everton,EVE,MID,5.0,0.1,21,524,0,0,0.0,1.6,21.0,60.0,69.7,78.0,a,,,1.0,CRY,True,,1.0,4.68,4.68,0.9359999999999999
35,Bogarde,Aston Villa,AVL,MID,5.0,0.1,40,1042,0,0,0.0,1.4,20.6,133.0,59.4,14.0,a,,,1.0,BHA,False,,1.0,4.54,4.54,0.908
206,Chadi Riad,Crystal Palace,CRY,DEF,4.5,0.1,20,550,0,1,0.0,2.2,18.3,117.8,23.9,41.0,a,,,1.0,EVE,False,,1.0,4.32,4.32,0.9600000000000001
80,Enes Ünal,Bournemouth,BOU,FWD,5.5,0.2,27,214,1,0,0.0,1.2,19.1,70.2,25.0,104.0,a,,,1.0,MCI,False,,1.0,4.180000000000001,4.180000000000001,0.7600000000000001
20,Dowman,Arsenal,ARS,MID,5.5,0.2,16,152,1,1,0.0,2.7,16.6,45.2,55.5,65.0,a,,,1.0,COV,True,,1.0,4.130000000000001,4.130000000000001,0.7509090909090911
539,O'Nien,Sunderland,SUN,DEF,4.0,2.4,26,565,0,1,0.0,2.2,17.1,103.0,27.6,40.0,a,,,1.0,IPS,False,,1.0,4.08,4.08,1.02
551,Angulo,Sunderland,SUN,MID,5.0,0.1,13,401,0,0,0.0,1.6,17.8,45.4,44.3,89.0,a,,,1.0,IPS,False,,1.0,4.040000000000001,4.040000000000001,0.8080000000000002
7,Lewis-Skelly,Arsenal,ARS,MID,5.5,0.3,29,697,0,0,0.0,1.4,17.6,73.2,74.6,29.0,a,,,1.0,COV,True,,1.0,3.9400000000000004,3.9400000000000004,0.7163636363636364
508,Davies,Spurs,TOT,DEF,4.0,0.8,10,136,1,0,0.0,3.3,14.2,67.4,22.2,52.0,a,,,1.0,BRE,False,,1.0,3.8299999999999996,3.8299999999999996,0.9574999999999999
486,McAtee,Nott'm Forest,NFO,MID,5.5,0.1,17,288,0,1,0.0,1.2,17.3,51.6,82.0,39.0,a,,,1.0,LEE,True,,1.0,3.8200000000000003,3.8200000000000003,0.6945454545454546
90,Hickey,Brentford,BRE,DEF,4.5,0.1,37,679,0,0,0.0,1.8,16.0,101.4,17.1,43.0,a,,,1.0,TOT,True,,1.0,3.74,3.74,0.8311111111111111
348,Piroe,Leeds,LEE,FWD,5.0,0.5,17,244,0,0,0.0,1.1,16.5,13.6,38.1,120.0,a,,,1.0,NFO,False,,1.0,3.6300000000000003,3.6300000000000003,0.7260000000000001
91,Pinnock,Brentford,BRE,DEF,4.5,0.1,14,318,0,0,0.0,3.5,12.3,88.6,1.2,33.0,a,,,1.0,TOT,True,,1.0,3.5100000000000007,3.5100000000000007,0.7800000000000001
29,M.Bizot,Aston Villa,AVL,GKP,4.5,0.1,16,585,0,0,0.0,2.3,13.9,139.2,0.0,0.0,a,,,1.0,BHA,False,,1.0,3.47,3.47,0.7711111111111112
385,Trafford,Leeds,LEE,GKP,5.0,2.0,13,360,0,0,0.0,3.2,11.9,118.0,0.0,0.0,a,,,1.0,NFO,False,,1.0,3.3400000000000003,3.3400000000000003,0.668
474,Jair Cunha,Nott'm Forest,NFO,DEF,4.5,0.4,13,514,0,0,0.0,1.4,14.2,98.0,15.2,29.0,a,,,1.0,LEE,True,,1.0,3.26,3.26,0.7244444444444444
245,Dibling,Everton,EVE,MID,5.5,0.1,18,349,0,0,0.0,1.3,13.6,46.0,61.0,32.0,a,,,1.0,CRY,True,,1.0,3.1100000000000003,3.1100000000000003,0.5654545454545455
413,Bayindir,Man Utd,MUN,GKP,4.5,0.2,11,540,0,0,0.0,1.8,12.8,118.4,10.0,0.0,a,,,1.0,HUL,False,,1.0,3.1000000000000005,3.1000000000000005,0.688888888888889
531,Ellborg,Sunderland,SUN,GKP,4.5,0.1,16,270,0,0,0.0,5.3,7.4,73.6,0.0,0.0,a,,,1.0,IPS,False,,1.0,3.0700000000000003,3.0700000000000003,0.6822222222222223
333,Bornauw,Leeds,LEE,DEF,4.5,0.0,25,429,0,0,0.0,2.1,12.2,98.6,6.3,19.0,a,,,1.0,NFO,False,,1.0,3.07,3.07,0.6822222222222222
137,Tzimas,Brighton,BHA,FWD,5.5,0.0,16,132,1,1,0.0,1.8,17.7,66.6,65.7,44.0,d,Knee injury - 75% chance of playing,75.0,0.75,AVL,True,,1.0,4.08,3.06,0.5563636363636364
168,Marc Guiu,Chelsea,CHE,FWD,5.0,0.4,13,265,0,1,0.0,1.3,13.1,24.6,40.1,86.0,a,,,1.0,FUL,False,,1.0,3.0100000000000002,3.0100000000000002,0.6020000000000001
496,Kinsky,Spurs,TOT,GKP,4.5,19.3,20,630,0,0,0.0,2.9,10.3,102.6,0.0,0.0,a,,,1.0,BRE,False,,1.0,2.93,2.93,0.6511111111111112
547,Mundle,Sunderland,SUN,MID,5.0,0.0,14,399,0,0,0.0,1.0,12.7,29.4,33.6,69.0,a,,,1.0,IPS,False,,1.0,2.84,2.84,0.568
406,Kovačić,Man City,MCI,MID,5.5,0.0,9,125,0,1,0.0,1.5,11.5,46.0,65.5,3.0,a,,,1.0,BOU,True,,1.0,2.75,2.75,0.5
234,Patterson,Everton,EVE,DEF,4.5,0.0,22,238,0,0,0.0,3.1,8.8,65.6,6.4,17.0,a,,,1.0,CRY,True,,1.0,2.6900000000000004,2.6900000000000004,0.5977777777777779
270,Reed,Fulham,FUL,MID,4.5,1.1,15,89,1,0,0.0,2.1,9.7,42.0,44.4,11.0,a,,,1.0,CHE,True,,1.0,2.57,2.57,0.5711111111111111
199,Benitez,Crystal Palace,CRY,GKP,4.5,0.1,7,90,0,0,0.0,7.0,2.3,22.8,0.0,0.0,a,,,1.0,EVE,False,,1.0,2.56,2.56,0.5688888888888889
478,Netz,Nott'm Forest,NFO,DEF,4.5,0.0,11,353,0,0,0.0,1.6,10.4,63.4,30.1,10.0,a,,,1.0,LEE,True,,1.0,2.56,2.56,0.5688888888888889
146,B.Badiashile,Chelsea,CHE,DEF,4.5,0.0,7,470,0,0,0.0,0.9,11.4,102.8,7.9,2.0,a,,,1.0,FUL,False,,1.0,2.5500000000000003,2.5500000000000003,0.5666666666666668
149,Colwill,Chelsea,CHE,DEF,5.0,1.6,8,225,0,0,0.0,2.7,8.0,66.0,7.6,6.0,a,,,1.0,FUL,False,,1.0,2.41,2.41,0.48200000000000004
24,Nelson,Arsenal,ARS,MID,5.5,0.0,13,118,0,1,0.0,1.3,10.0,42.6,32.6,29.0,a,,,1.0,COV,True,,1.0,2.39,2.39,0.43454545454545457
100,Carvalho,Brentford,BRE,MID,5.0,0.0,13,100,1,0,0.0,2.2,8.1,39.0,6.5,36.0,a,,100.0,1.0,TOT,True,,1.0,2.2800000000000002,2.2800000000000002,0.45600000000000007
352,Woodman,Liverpool,LIV,GKP,4.0,1.2,6,212,0,0,0.0,2.0,8.4,83.8,0.0,0.0,a,,,1.0,NEW,False,,1.0,2.2800000000000002,2.2800000000000002,0.5700000000000001
394,Alleyne,Man City,MCI,DEF,5.0,0.0,5,135,0,0,0.0,2.5,7.5,34.0,14.8,26.0,a,,,1.0,BOU,True,,1.0,2.25,2.25,0.45
161,Lavia,Chelsea,CHE,MID,5.0,0.0,13,374,0,0,0.0,1.1,9.5,34.4,46.6,14.0,a,,,1.0,FUL,False,,1.0,2.23,2.23,0.446
72,Gannon-Doak,Bournemouth,BOU,MID,5.0,0.1,11,105,0,1,0.0,1.4,8.9,32.4,17.8,39.0,a,,,1.0,MCI,False,,1.0,2.2,2.2,0.44000000000000006
76,Tóth.A,Bournemouth,BOU,MID,5.0,0.0,8,135,0,0,0.0,0.9,9.6,18.6,60.2,18.0,a,,,1.0,MCI,False,,1.0,2.19,2.19,0.438
141,Jörgensen,Chelsea,CHE,GKP,5.0,0.1,9,378,0,0,0.0,1.8,7.9,79.8,0.0,0.0,a,,,1.0,FUL,False,,1.0,2.12,2.12,0.42400000000000004
374,Endo,Liverpool,LIV,MID,5.0,0.0,12,170,0,1,0.0,1.5,8.0,56.0,18.1,6.0,a,,100.0,1.0,NEW,False,,1.0,2.05,2.05,0.41
468,John,Nott'm Forest,NFO,GKP,4.5,0.1,11,437,0,0,0.0,2.2,5.7,56.4,0.0,0.0,a,,,1.0,LEE,True,,1.0,1.8000000000000003,1.8000000000000003,0.4000000000000001
383,Elliott,Liverpool,LIV,MID,5.5,0.1,5,110,0,0,0.0,1.0,7.4,11.8,31.7,31.0,a,,,1.0,NEW,False,,1.0,1.7800000000000002,1.7800000000000002,0.32363636363636367
128,Buonanotte,Brighton,BHA,MID,5.0,0.1,3,81,0,0,0.0,0.8,7.4,13.2,40.0,21.0,a,,,1.0,AVL,True,,1.0,1.7200000000000002,1.7200000000000002,0.34400000000000003
220,Cardines,Crystal Palace,CRY,DEF,4.5,0.0,2,90,0,0,0.0,2.0,4.9,15.2,30.0,4.0,a,,,1.0,EVE,False,,1.0,1.58,1.58,0.35111111111111115
117,Coppola,Brighton,BHA,DEF,4.5,0.0,10,193,0,0,0.0,2.0,4.8,42.4,3.7,2.0,a,,,1.0,AVL,True,,1.0,1.56,1.56,0.3466666666666667
493,Kalimuendo,Nott'm Forest,NFO,FWD,5.5,0.1,9,89,0,0,0.0,1.0,6.3,6.8,17.7,39.0,a,,,1.0,LEE,True,,1.0,1.56,1.56,0.28363636363636363
104,Onyeka,Coventry City,COV,MID,5.0,0.2,12,88,0,2,0.0,2.0,4.6,28.4,13.6,4.0,a,,,1.0,ARS,False,,1.0,1.52,1.52,0.304
511,Souza,Spurs,TOT,DEF,4.0,0.3,3,142,0,0,0.0,0.8,6.2,12.8,31.9,17.0,a,,,1.0,BRE,False,,1.0,1.4800000000000002,1.4800000000000002,0.37000000000000005
22,Nwaneri,Arsenal,ARS,MID,5.5,0.0,8,165,0,0,0.0,1.3,5.4,8.6,22.5,24.0,a,,,1.0,COV,True,,1.0,1.4700000000000002,1.4700000000000002,0.26727272727272733
434,J.Fletcher,Man Utd,MUN,MID,5.0,0.0,3,107,0,0,0.0,1.0,4.8,18.6,24.4,5.0,a,,,1.0,HUL,False,,1.0,1.26,1.26,0.252
205,Sosa,Crystal Palace,CRY,DEF,4.5,0.0,6,99,0,0,0.0,0.9,4.5,12.6,24.1,8.0,a,,,1.0,EVE,False,,1.0,1.17,1.17,0.26
118,Igor,Brighton,BHA,DEF,4.5,0.1,6,103,0,0,0.0,1.5,3.6,25.8,10.6,0.0,a,,,1.0,AVL,True,,1.0,1.17,1.17,0.26
21,Nørgaard,Everton,EVE,MID,5.0,0.6,7,101,0,0,0.0,1.0,4.0,23.4,5.5,10.0,a,,,1.0,CRY,True,,1.0,1.1,1.1,0.22000000000000003
540,Masuaku,Sunderland,SUN,DEF,4.0,1.5,1,125,0,0,0.0,0.3,4.9,21.8,20.1,7.0,a,,,1.0,IPS,False,,1.0,1.07,1.07,0.2675
409,Mukasa,Man City,MCI,MID,4.5,0.1,2,25,0,0,0.0,1.0,3.7,4.2,28.3,4.0,a,,,1.0,BOU,True,,1.0,1.04,1.04,0.23111111111111113
537,Seelt,Sunderland,SUN,DEF,4.5,0.0,2,133,0,0,0.0,1.0,3.6,33.6,2.4,0.0,a,,,1.0,IPS,False,,1.0,1.02,1.02,0.22666666666666668
2,Arrizabalaga,Arsenal,ARS,GKP,5.0,0.1,2,90,0,0,0.0,2.0,2.0,19.8,0.0,0.0,a,,,1.0,COV,True,,1.0,1.0,1.0,0.2
477,Abbott,Nott'm Forest,NFO,DEF,4.0,0.2,3,165,0,0,0.0,1.0,3.2,25.4,6.4,0.0,a,,,1.0,LEE,True,,1.0,0.9400000000000002,0.9400000000000002,0.23500000000000004
515,Maddison,Spurs,TOT,MID,6.5,1.9,3,34,0,0,0.0,1.0,2.8,2.8,9.5,15.0,a,,,1.0,BRE,False,,1.0,0.8599999999999999,0.8599999999999999,0.1323076923076923
132,Howell,Brighton,BHA,MID,4.5,0.3,4,92,0,0,0.0,1.3,1.8,10.2,5.1,2.0,a,,,1.0,AVL,True,,1.0,0.75,0.75,0.16666666666666666
272,Kusi-Asare,Fulham,FUL,FWD,4.5,7.8,6,49,0,0,0.0,0.9,2.3,3.2,12.0,8.0,a,,,1.0,CHE,True,,1.0,0.73,0.73,0.1622222222222222
375,Nyoni,Liverpool,LIV,MID,5.0,0.1,6,21,0,0,0.0,1.0,2.1,4.2,13.4,4.0,a,,,1.0,NEW,False,,1.0,0.72,0.72,0.144
38,A.García,Aston Villa,AVL,DEF,4.0,1.6,5,83,0,0,0.0,0.8,2.3,17.8,3.2,2.0,a,,,1.0,BHA,False,,1.0,0.7,0.7,0.175
435,Lacey,Man Utd,MUN,MID,5.0,0.1,3,40,0,0,0.0,1.0,1.7,4.0,2.1,16.0,a,,,1.0,HUL,False,,1.0,0.64,0.64,0.128
103,Dasilva,Brentford,BRE,MID,5.0,0.0,2,2,0,0,0.0,1.0,1.6,0.4,11.3,4.0,a,,,1.0,TOT,True,,1.0,0.6200000000000001,0.6200000000000001,0.12400000000000003
216,Esse,Crystal Palace,CRY,MID,5.0,0.1,4,40,0,0,0.0,1.0,1.5,6.8,2.7,6.0,a,,,1.0,EVE,False,,1.0,0.6000000000000001,0.6000000000000001,0.12000000000000002
52,Alysson,Aston Villa,AVL,MID,5.0,0.0,3,47,0,0,0.0,1.0,1.5,3.2,3.5,10.0,a,,,1.0,BHA,False,,1.0,0.6000000000000001,0.6000000000000001,0.12000000000000002
437,Bendito Mantato,Man Utd,MUN,MID,4.5,0.2,1,15,0,0,0.0,1.0,1.4,2.2,11.7,0.0,a,,,1.0,HUL,False,,1.0,0.58,0.58,0.1288888888888889
451,A.Murphy,Newcastle,NEW,DEF,4.0,0.8,2,7,0,0,0.0,1.0,1.3,10.2,0.6,2.0,a,,,1.0,LIV,True,,1.0,0.56,0.56,0.14
83,Valdimarsson,Brentford,BRE,GKP,4.5,0.1,1,90,0,0,0.0,1.0,1.3,13.0,0.0,0.0,a,,,1.0,TOT,True,,1.0,0.56,0.56,0.12444444444444445
150,M.Sarr,Chelsea,CHE,DEF,4.5,0.1,3,100,0,0,0.0,1.0,1.3,6.4,0.1,7.0,a,,,1.0,FUL,False,,1.0,0.56,0.56,0.12444444444444445
550,Jocelin.T,Sunderland,SUN,MID,5.0,0.0,1,38,0,0,0.0,1.0,1.0,3.4,4.3,2.0,a,,,1.0,IPS,False,,1.0,0.5,0.5,0.1
528,Scarlett,Spurs,TOT,FWD,4.5,1.7,2,7,0,0,0.0,1.0,0.7,1.0,4.1,2.0,a,,,1.0,BRE,False,,1.0,0.43999999999999995,0.43999999999999995,0.09777777777777777
66,Soler,Bournemouth,BOU,DEF,4.0,0.6,3,34,0,0,0.0,1.0,0.6,1.8,2.5,2.0,a,,,1.0,MCI,False,,1.0,0.42,0.42,0.105
163,D.Essugo,Chelsea,CHE,MID,4.5,0.2,1,26,0,0,0.0,0.3,1.6,11.4,2.1,2.0,a,,,1.0,FUL,False,,1.0,0.41000000000000003,0.41000000000000003,0.09111111111111111
466,Neave,Newcastle,NEW,FWD,4.5,0.7,1,13,0,0,0.0,1.0,0.5,0.0,0.0,5.0,a,,,1.0,LIV,True,,1.0,0.4,0.4,0.08888888888888889
425,Fredricson,Man Utd,MUN,DEF,4.0,0.1,1,2,0,0,0.0,1.0,0.4,4.0,0.0,0.0,a,,,1.0,HUL,False,,1.0,0.38,0.38,0.095
51,George Hemmings,Aston Villa,AVL,MID,4.5,0.3,2,25,0,0,0.0,1.0,0.3,0.0,1.7,2.0,a,,,1.0,BHA,False,,1.0,0.36,0.36,0.08
221,Drakes-Thomas,Crystal Palace,CRY,MID,4.5,0.1,2,7,0,0,0.0,1.0,0.3,1.4,1.0,0.0,a,,,1.0,EVE,False,,1.0,0.36,0.36,0.08
438,Fletcher,Man Utd,MUN,MID,4.5,0.3,2,17,0,0,0.0,1.0,0.3,0.8,3.0,0.0,a,,,1.0,HUL,False,,1.0,0.36,0.36,0.08
169,Mheuka,Chelsea,CHE,FWD,4.5,0.4,1,1,0,0,0.0,1.0,0.2,2.0,0.3,0.0,a,,,1.0,FUL,False,,1.0,0.33999999999999997,0.33999999999999997,0.07555555555555554
524,Olusesi,Spurs,TOT,MID,4.5,0.9,1,14,0,0,0.0,1.0,0.2,0.6,1.8,0.0,a,,,1.0,BRE,False,,1.0,0.33999999999999997,0.33999999999999997,0.07555555555555554
509,Byfield,Spurs,TOT,DEF,4.0,0.1,1,1,0,0,0.0,1.0,0.1,0.4,0.5,0.0,a,,,1.0,BRE,False,,1.0,0.32,0.32,0.08
99,Milambo,Brentford,BRE,MID,5.0,0.0,1,45,0,0,0.0,1.0,0.6,4.0,1.8,0.0,d,Knee injury - 75% chance of playing,75.0,0.75,TOT,True,,1.0,0.42,0.315,0.063
50,Burrowes,Aston Villa,AVL,MID,4.5,0.8,1,16,0,0,0.0,1.0,0.0,0.0,0.3,0.0,a,,,1.0,BHA,False,,1.0,0.3,0.3,0.06666666666666667
107,Furo,Brentford,BRE,FWD,4.5,0.8,1,1,0,0,0.0,1.0,0.0,0.0,0.0,0.0,a,,,1.0,TOT,True,,1.0,0.3,0.3,0.06666666666666667
134,Oriola,Brighton,BHA,MID,4.5,0.2,1,1,0,0,0.0,1.0,0.0,0.0,0.0,0.0,a,,,1.0,AVL,True,,1.0,0.3,0.3,0.06666666666666667
510,Rowswell,Spurs,TOT,DEF,4.0,0.1,1,1,0,0,0.0,1.0,0.0,0.0,0.0,0.0,a,,,1.0,BRE,False,,1.0,0.3,0.3,0.075
538,Hjelde,Sunderland,SUN,DEF,4.0,0.3,0,0,0,0,0.0,0.0,0.0,0.0,0.0,0.0,a,,,1.0,IPS,False,,1.0,0.0,0.0,0.0
541,Meunier,Sunderland,SUN,DEF,4.5,0.5,0,0,0,0,0.0,0.0,0.0,0.0,0.0,0.0,a,,,1.0,IPS,False,,1.0,0.0,0.0,0.0
5,J.Timber,Arsenal,ARS,DEF,6.5,0.5,149,2452,3,6,0.0,5.0,125.7,499.0,402.6,352.0,i,Groin injury - Unknown return date,0.0,0.0,COV,True,,1.0,26.64,0.0,0.0
192,Andrews,Coventry City,COV,MID,4.5,0.7,0,0,0,0,0.0,0.0,0.0,0.0,0.0,0.0,a,,,1.0,ARS,False,,1.0,0.0,0.0,0.0
193,Wright,Coventry City,COV,FWD,5.5,1.8,0,0,0,0,0.0,0.0,0.0,0.0,0.0,0.0,a,,,1.0,ARS,False,,1.0,0.0,0.0,0.0
517,Odobert,Spurs,TOT,MID,5.5,0.0,46,972,0,2,0.0,1.9,67.6,158.8,284.3,234.0,i,Knee injury - Unknown return date,0.0,0.0,BRE,False,,1.0,14.09,0.0,0.0
521,Kulusevski,Spurs,TOT,MID,6.5,0.0,0,0,0,0,0.0,0.0,0.0,0.0,0.0,0.0,i,Knee injury - Unknown return date,0.0,0.0,BRE,False,,1.0,0.0,0.0,0.0
523,Moore,Spurs,TOT,MID,5.0,0.1,0,0,0,0,0.0,0.0,0.0,0.0,0.0,0.0,a,,,1.0,BRE,False,,1.0,0.0,0.0,0.0
53,Manzambi,Aston Villa,AVL,MID,6.0,2.1,0,0,0,0,0.0,0.0,0.0,0.0,0.0,0.0,a,,,1.0,BHA,False,,1.0,0.0,0.0,0.0
507,Phillips,Spurs,TOT,DEF,4.5,0.1,0,0,0,0,0.0,0.0,0.0,0.0,0.0,0.0,a,,,1.0,BRE,False,,1.0,0.0,0.0,0.0
513,Xavi,Spurs,TOT,MID,6.0,0.0,80,1747,2,5,0.0,2.9,113.9,349.6,533.8,255.0,i,Knee injury - Unknown return date,0.0,0.0,BRE,False,,1.0,23.650000000000002,0.0,0.0
23,Fábio Vieira,Arsenal,ARS,MID,5.5,0.0,0,0,0,0,0.0,0.0,0.0,0.0,0.0,0.0,a,,,1.0,COV,True,,1.0,0.0,0.0,0.0
557,Tzolis,Arsenal,ARS,MID,6.5,2.7,0,0,0,0,0.0,0.0,0.0,0.0,0.0,0.0,a,,,1.0,COV,True,,1.0,0.0,0.0,0.0
3,Meslier,Arsenal,ARS,GKP,5.0,0.1,0,0,11,0,0.0,0.0,0.0,0.0,0.0,0.0,a,,,1.0,COV,True,,1.0,0.0,0.0,0.0
247,Hackney,Everton,EVE,MID,5.5,0.3,0,0,0,0,0.0,0.0,0.0,0.0,0.0,0.0,a,,,1.0,CRY,True,,1.0,0.0,0.0,0.0
251,Lecomte,Fulham,FUL,GKP,4.0,1.4,0,0,0,0,0.0,0.0,0.0,0.0,0.0,0.0,a,,,1.0,CHE,True,,1.0,0.0,0.0,0.0
252,McNally,Fulham,FUL,GKP,4.0,0.2,0,0,0,0,0.0,0.0,0.0,0.0,0.0,0.0,a,,,1.0,CHE,True,,1.0,0.0,0.0,0.0
253,Andersen,Fulham,FUL,DEF,5.0,0.1,123,2882,0,1,0.0,3.7,107.0,790.6,131.0,148.0,s,Suspended until 30 Aug,0.0,0.0,CHE,True,,1.0,22.51,0.0,0.0
166,N.Jackson,Chelsea,CHE,FWD,6.5,0.4,0,0,0,0,0.0,0.0,0.0,0.0,0.0,0.0,a,,,1.0,FUL,False,,1.0,0.0,0.0,0.0
170,Emegha,Chelsea,CHE,FWD,5.0,0.2,0,0,0,0,0.0,0.0,0.0,0.0,0.0,0.0,d,Hamstring injury - 75% chance of playing,75.0,0.75,FUL,False,,1.0,0.0,0.0,0.0
560,Penders,Chelsea,CHE,GKP,4.5,0.1,0,0,0,0,0.0,0.0,0.0,0.0,0.0,0.0,a,,,1.0,FUL,False,,1.0,0.0,0.0,0.0
561,Anselmino,Chelsea,CHE,DEF,4.5,0.0,0,0,0,0,0.0,0.0,0.0,0.0,0.0,0.0,a,,,1.0,FUL,False,,1.0,0.0,0.0,0.0
568,Barco,Chelsea,CHE,MID,5.5,0.1,0,0,0,0,0.0,0.0,0.0,0.0,0.0,0.0,a,,,1.0,FUL,False,,1.0,0.0,0.0,0.0
164,Quenda,Chelsea,CHE,MID,5.5,0.1,0,0,0,0,0.0,0.0,0.0,0.0,0.0,0.0,a,,100.0,1.0,FUL,False,,1.0,0.0,0.0,0.0
331,Gudmundsson,Leeds,LEE,DEF,4.5,0.4,68,2637,0,0,0.0,2.1,96.4,442.6,363.7,158.0,i,Hamstring injury - Expected back 30 Aug,0.0,0.0,NFO,False,,1.0,19.91,0.0,0.0
334,Muharemović,Leeds,LEE,DEF,5.0,1.4,0,0,0,0,0.0,0.0,0.0,0.0,0.0,0.0,a,,,1.0,NFO,False,,1.0,0.0,0.0,0.0
340,Gelhardt,Leeds,LEE,MID,5.0,0.0,0,0,0,0,0.0,0.0,0.0,0.0,0.0,0.0,a,,,1.0,NFO,False,,1.0,0.0,0.0,0.0
342,Harrison,Leeds,LEE,MID,5.0,0.0,12,262,0,0,0.0,1.1,11.5,30.0,49.4,35.0,u,Has joined New England Revolution permanently,0.0,0.0,NFO,False,,1.0,2.6300000000000003,0.0,0.0
349,Mateo Joseph,Leeds,LEE,FWD,4.5,0.2,0,0,0,0,0.0,0.0,0.0,0.0,0.0,0.0,i,Knee injury - Unknown return date,0.0,0.0,NFO,False,,1.0,0.0,0.0,0.0
353,Pecsi,Liverpool,LIV,GKP,4.0,0.1,0,0,0,0,0.0,0.0,0.0,0.0,0.0,0.0,a,,,1.0,NEW,False,,1.0,0.0,0.0,0.0
354,Jaros,Liverpool,LIV,GKP,4.0,0.0,0,0,0,0,0.0,0.0,0.0,0.0,0.0,0.0,i,Knee injury - Unknown return date,0.0,0.0,NEW,False,,1.0,0.0,0.0,0.0
355,Davies,Liverpool,LIV,GKP,4.0,0.1,0,0,0,0,0.0,0.0,0.0,0.0,0.0,0.0,a,,,1.0,NEW,False,,1.0,0.0,0.0,0.0
359,Gomez,Liverpool,LIV,DEF,5.0,0.1,33,594,0,2,0.0,1.6,23.2,122.8,77.8,31.0,i,Muscular injury - Unknown return date,0.0,0.0,NEW,False,,1.0,5.119999999999999,0.0,0.0
139,Ferguson,Brighton,BHA,FWD,5.0,0.0,0,0,0,0,0.0,0.0,0.0,0.0,0.0,0.0,i,Ankle injury - Expected back 10 Oct,0.0,0.0,AVL,True,,1.0,0.0,0.0,0.0
504,Vuskovic,Brighton,BHA,DEF,5.0,2.9,0,0,0,0,0.0,0.0,0.0,0.0,0.0,0.0,a,,,1.0,AVL,True,,1.0,0.0,0.0,0.0
145,Fofana,Chelsea,CHE,DEF,5.0,0.0,65,1718,0,2,0.0,2.6,60.4,463.6,65.6,74.0,s,Suspended until 6 Sep,0.0,0.0,FUL,False,,1.0,12.86,0.0,0.0
360,Bradley,Liverpool,LIV,DEF,5.0,0.0,42,928,0,2,0.0,2.8,32.3,157.4,105.2,62.0,i,Knee injury - Unknown return date,0.0,0.0,NEW,False,,1.0,7.3,0.0,0.0
361,Lucky,Liverpool,LIV,DEF,4.0,0.1,0,0,0,0,0.0,0.0,0.0,0.0,0.0,0.0,a,,,1.0,NEW,False,,1.0,0.0,0.0,0.0
362,Jacquet,Liverpool,LIV,DEF,5.0,1.5,0,0,0,0,0.0,0.0,0.0,0.0,0.0,0.0,a,,100.0,1.0,NEW,False,,1.0,0.0,0.0,0.0
363,Leoni,Liverpool,LIV,DEF,4.0,0.1,0,0,0,0,0.0,0.0,0.0,0.0,0.0,0.0,i,Knee injury - Unknown return date,0.0,0.0,NEW,False,,1.0,0.0,0.0,0.0
364,Tsimikas,Liverpool,LIV,DEF,5.0,0.1,0,0,0,0,0.0,0.0,0.0,0.0,0.0,0.0,a,,,1.0,NEW,False,,1.0,0.0,0.0,0.0
365,Ramsay,Liverpool,LIV,DEF,4.0,0.2,0,0,0,0,0.0,0.0,0.0,0.0,0.0,0.0,a,,,1.0,NEW,False,,1.0,0.0,0.0,0.0
320,Akpom,Ipswich Town,IPS,FWD,5.0,0.5,0,0,0,0,0.0,0.0,0.0,0.0,0.0,0.0,a,,,1.0,SUN,True,,1.0,0.0,0.0,0.0
321,Walle Egeli,Ipswich Town,IPS,FWD,4.5,2.1,0,0,0,0,0.0,0.0,0.0,0.0,0.0,0.0,a,,,1.0,SUN,True,,1.0,0.0,0.0,0.0
322,Al-Hamadi,Ipswich Town,IPS,FWD,5.0,0.2,0,0,0,0,0.0,0.0,0.0,0.0,0.0,0.0,a,,,1.0,SUN,True,,1.0,0.0,0.0,0.0
323,McAteer,Ipswich Town,IPS,MID,4.5,1.6,0,0,0,0,0.0,0.0,0.0,0.0,0.0,0.0,a,,,1.0,SUN,True,,1.0,0.0,0.0,0.0
324,Mehmeti,Ipswich Town,IPS,MID,5.0,0.1,0,0,0,0,0.0,0.0,0.0,0.0,0.0,0.0,a,,,1.0,SUN,True,,1.0,0.0,0.0,0.0
554,Van Oevelen,Ipswich Town,IPS,GKP,4.5,0.1,0,0,0,0,0.0,0.0,0.0,0.0,0.0,0.0,a,,,1.0,SUN,True,,1.0,0.0,0.0,0.0
562,Maeda,Ipswich Town,IPS,MID,5.5,0.4,0,0,0,0,0.0,0.0,0.0,0.0,0.0,0.0,a,,,1.0,SUN,True,,1.0,0.0,0.0,0.0
564,Scherpen,Ipswich Town,IPS,GKP,4.5,0.3,0,0,0,0,0.0,0.0,0.0,0.0,0.0,0.0,a,,,1.0,SUN,True,,1.0,0.0,0.0,0.0
571,Florentino,Ipswich Town,IPS,MID,5.0,0.0,0,0,0,0,0.0,0.0,0.0,0.0,0.0,0.0,a,,,1.0,SUN,True,,1.0,0.0,0.0,0.0
152,Palestra,Chelsea,CHE,DEF,5.5,2.0,0,0,0,0,0.0,0.0,0.0,0.0,0.0,0.0,a,,,1.0,FUL,False,,1.0,0.0,0.0,0.0
153,Disasi,Chelsea,CHE,DEF,4.5,0.1,0,0,0,0,0.0,0.0,0.0,0.0,0.0,0.0,a,,,1.0,FUL,False,,1.0,0.0,0.0,0.0
120,Svoboda,Brighton,BHA,DEF,5.0,0.1,0,0,0,0,0.0,0.0,0.0,0.0,0.0,0.0,a,,,1.0,AVL,True,,1.0,0.0,0.0,0.0
121,Mitoma,Brighton,BHA,MID,6.0,0.1,62,1714,3,1,0.0,2.5,112.3,288.4,422.3,416.0,i,Hamstring injury - Unknown return date,0.0,0.0,AVL,True,,1.0,23.21,0.0,0.0
131,Baleba,Brighton,BHA,MID,5.0,0.4,56,1646,0,0,0.0,1.8,36.8,166.8,156.3,44.0,i,Ankle injury - Expected back 23 Aug,0.0,0.0,AVL,True,,1.0,7.8999999999999995,0.0,0.0
133,Watson,Brighton,BHA,MID,5.0,0.0,5,57,0,0,0.0,0.8,1.6,6.0,2.4,7.0,u,Has joined Leicester City on loan for the rest of the season,0.0,0.0,AVL,True,,1.0,0.56,0.0,0.0
135,Yohanna,Brighton,BHA,MID,5.0,0.1,0,0,0,0,0.0,0.0,0.0,0.0,0.0,0.0,a,,,1.0,AVL,True,,1.0,0.0,0.0,0.0
376,Bajcetic,Liverpool,LIV,MID,5.0,0.0,0,0,0,0,0.0,0.0,0.0,0.0,0.0,0.0,i,Hamstring injury - Expected back 23 Aug,0.0,0.0,NEW,False,,1.0,0.0,0.0,0.0
377,Munoz,Liverpool,LIV,MID,6.5,0.8,0,0,0,0,0.0,0.0,0.0,0.0,0.0,0.0,a,,,1.0,NEW,False,,1.0,0.0,0.0,0.0
378,McConnell,Liverpool,LIV,MID,4.5,0.2,0,0,0,0,0.0,0.0,0.0,0.0,0.0,0.0,a,,,1.0,NEW,False,,1.0,0.0,0.0,0.0
380,Ekitiké,Liverpool,LIV,FWD,7.5,0.2,125,1797,11,4,0.0,4.5,156.2,525.8,307.2,739.0,i,Achilles injury - Unknown return date,0.0,0.0,NEW,False,,1.0,32.589999999999996,0.0,0.0
381,Koumas,Liverpool,LIV,MID,5.0,0.0,0,0,0,0,0.0,0.0,0.0,0.0,0.0,0.0,a,,,1.0,NEW,False,,1.0,0.0,0.0,0.0
382,Danns,Liverpool,LIV,FWD,4.5,0.0,0,0,0,0,0.0,0.0,0.0,0.0,0.0,0.0,i,Unspecified injury - Unknown return date,0.0,0.0,NEW,False,,1.0,0.0,0.0,0.0
386,Bettinelli,Man City,MCI,GKP,4.5,0.0,0,0,0,0,0.0,0.0,0.0,0.0,0.0,0.0,a,,,1.0,BOU,True,,1.0,0.0,0.0,0.0
190,Tchaouna,Coventry City,COV,MID,5.5,0.1,0,0,0,0,0.0,0.0,0.0,0.0,0.0,0.0,a,,,1.0,ARS,False,,1.0,0.0,0.0,0.0
191,Borges Rodrigues,Coventry City,COV,MID,4.5,0.2,0,0,0,0,0.0,0.0,0.0,0.0,0.0,0.0,a,,,1.0,ARS,False,,1.0,0.0,0.0,0.0
225,Uche,Crystal Palace,CRY,FWD,5.0,0.0,17,159,0,1,0.0,1.2,8.8,13.2,7.1,73.0,u,has returned to Getafe CF,0.0,0.0,EVE,False,,1.0,2.12,0.0,0.0
555,Matthews,Crystal Palace,CRY,GKP,4.0,1.7,0,0,0,0,0.0,0.0,0.0,0.0,0.0,0.0,a,,,1.0,EVE,False,,1.0,0.0,0.0,0.0
227,Travers,Everton,EVE,GKP,5.0,0.1,0,0,0,0,0.0,0.0,0.0,0.0,0.0,0.0,a,,,1.0,CRY,True,,1.0,0.0,0.0,0.0
228,King,Everton,EVE,GKP,4.5,0.1,0,0,0,0,0.0,0.0,0.0,0.0,0.0,0.0,a,,,1.0,CRY,True,,1.0,0.0,0.0,0.0
235,Aznou,Everton,EVE,DEF,4.0,0.2,0,0,0,0,0.0,0.0,0.0,0.0,0.0,0.0,a,,,1.0,CRY,True,,1.0,0.0,0.0,0.0
239,Garner,Everton,EVE,MID,6.0,0.6,159,3413,2,7,0.0,4.2,208.4,887.0,958.0,237.0,i,Groin injury - Expected back 22 Aug,0.0,0.0,CRY,True,,1.0,42.940000000000005,0.0,0.0
304,O'Shea,Ipswich Town,IPS,DEF,4.0,1.9,0,0,0,0,0.0,0.0,0.0,0.0,0.0,0.0,a,,,1.0,SUN,True,,1.0,0.0,0.0,0.0
305,Davis,Ipswich Town,IPS,DEF,4.0,4.3,0,0,0,0,0.0,0.0,0.0,0.0,0.0,0.0,a,,,1.0,SUN,True,,1.0,0.0,0.0,0.0
306,Greaves,Ipswich Town,IPS,DEF,4.0,0.6,0,0,0,0,0.0,0.0,0.0,0.0,0.0,0.0,a,,,1.0,SUN,True,,1.0,0.0,0.0,0.0
307,Johnson,Ipswich Town,IPS,DEF,4.0,0.1,0,0,0,0,0.0,0.0,0.0,0.0,0.0,0.0,a,,,1.0,SUN,True,,1.0,0.0,0.0,0.0
308,Furlong,Ipswich Town,IPS,DEF,4.0,0.4,0,0,0,0,0.0,0.0,0.0,0.0,0.0,0.0,a,,,1.0,SUN,True,,1.0,0.0,0.0,0.0
309,Núñez,Ipswich Town,IPS,MID,5.0,0.2,0,0,0,0,0.0,0.0,0.0,0.0,0.0,0.0,a,,,1.0,SUN,True,,1.0,0.0,0.0,0.0
310,Matusiwa,Ipswich Town,IPS,MID,5.0,0.0,0,0,0,0,0.0,0.0,0.0,0.0,0.0,0.0,i,Muscular injury - Unknown return date,0.0,0.0,SUN,True,,1.0,0.0,0.0,0.0
311,Burns,Ipswich Town,IPS,MID,5.0,0.1,0,0,0,0,0.0,0.0,0.0,0.0,0.0,0.0,a,,,1.0,SUN,True,,1.0,0.0,0.0,0.0
312,Taylor,Ipswich Town,IPS,MID,4.5,0.2,0,0,0,0,0.0,0.0,0.0,0.0,0.0,0.0,i,Knee injury - Unknown return date,0.0,0.0,SUN,True,,1.0,0.0,0.0,0.0
313,Clarke,Ipswich Town,IPS,MID,5.5,0.3,0,0,0,0,0.0,0.0,0.0,0.0,0.0,0.0,a,,,1.0,SUN,True,,1.0,0.0,0.0,0.0
314,Ogbene,Ipswich Town,IPS,MID,5.0,0.0,0,0,0,0,0.0,0.0,0.0,0.0,0.0,0.0,a,,,1.0,SUN,True,,1.0,0.0,0.0,0.0
315,Fatawu,Ipswich Town,IPS,MID,5.5,0.3,0,0,0,0,0.0,0.0,0.0,0.0,0.0,0.0,a,,,1.0,SUN,True,,1.0,0.0,0.0,0.0
316,Emersonn,Ipswich Town,IPS,FWD,5.5,0.3,0,0,0,0,0.0,0.0,0.0,0.0,0.0,0.0,a,,,1.0,SUN,True,,1.0,0.0,0.0,0.0
317,Hirst,Ipswich Town,IPS,FWD,5.0,0.4,0,0,0,0,0.0,0.0,0.0,0.0,0.0,0.0,a,,,1.0,SUN,True,,1.0,0.0,0.0,0.0
318,Philogene,Ipswich Town,IPS,MID,5.5,0.2,0,0,0,0,0.0,0.0,0.0,0.0,0.0,0.0,a,,,1.0,SUN,True,,1.0,0.0,0.0,0.0
319,Szmodics,Ipswich Town,IPS,MID,5.0,0.1,0,0,0,0,0.0,0.0,0.0,0.0,0.0,0.0,a,,,1.0,SUN,True,,1.0,0.0,0.0,0.0
396,Vitor Reis,Man City,MCI,DEF,4.5,0.0,0,0,0,0,0.0,0.0,0.0,0.0,0.0,0.0,a,,,1.0,BOU,True,,1.0,0.0,0.0,0.0
402,Rodrigo,Man City,MCI,MID,6.5,0.1,69,1510,1,1,0.0,3.3,90.3,358.0,421.5,122.0,i,Back injury - Unknown return date,0.0,0.0,BOU,True,,1.0,19.049999999999997,0.0,0.0
407,Echeverri,Man City,MCI,MID,5.0,0.0,0,0,0,0,0.0,0.0,0.0,0.0,0.0,0.0,a,,,1.0,BOU,True,,1.0,0.0,0.0,0.0
105,Anthony,Brentford,BRE,MID,6.0,0.2,0,0,0,0,0.0,0.0,0.0,0.0,0.0,0.0,a,,,1.0,TOT,True,,1.0,0.0,0.0,0.0
108,Wilson,Brentford,BRE,FWD,5.5,0.4,0,0,0,0,0.0,0.0,0.0,0.0,0.0,0.0,a,,,1.0,TOT,True,,1.0,0.0,0.0,0.0
565,Sangaré,Brentford,BRE,MID,5.5,1.3,0,0,0,0,0.0,0.0,0.0,0.0,0.0,0.0,a,,,1.0,TOT,True,,1.0,0.0,0.0,0.0
111,Steele,Brighton,BHA,GKP,4.0,4.5,0,0,0,0,0.0,0.0,0.0,0.0,0.0,0.0,a,,,1.0,AVL,True,,1.0,0.0,0.0,0.0
119,Costinha,Brighton,BHA,DEF,4.5,0.0,0,0,0,0,0.0,0.0,0.0,0.0,0.0,0.0,a,,,1.0,AVL,True,,1.0,0.0,0.0,0.0
408,Phillips,Man City,MCI,MID,5.0,0.0,0,0,0,0,0.0,0.0,0.0,0.0,0.0,0.0,a,,,1.0,BOU,True,,1.0,0.0,0.0,0.0
410,Monga,Man City,MCI,MID,5.0,0.0,0,0,0,0,0.0,0.0,0.0,0.0,0.0,0.0,a,,,1.0,BOU,True,,1.0,0.0,0.0,0.0
414,Heaton,Man Utd,MUN,GKP,4.0,0.3,0,0,0,0,0.0,0.0,0.0,0.0,0.0,0.0,a,,,1.0,HUL,False,,1.0,0.0,0.0,0.0
416,De Ligt,Man Utd,MUN,DEF,5.0,0.0,43,1170,1,0,0.0,3.3,45.7,276.6,60.2,122.0,i,Back injury - Unknown return date,0.0,0.0,HUL,False,,1.0,10.13,0.0,0.0
92,Ji-soo,Brentford,BRE,DEF,4.5,0.0,0,0,0,0,0.0,0.0,0.0,0.0,0.0,0.0,a,,,1.0,TOT,True,,1.0,0.0,0.0,0.0
93,Schuster,Brentford,BRE,DEF,4.5,0.1,0,0,0,0,0.0,0.0,0.0,0.0,0.0,0.0,a,,,1.0,TOT,True,,1.0,0.0,0.0,0.0
424,Amass,Man Utd,MUN,DEF,4.0,0.2,0,0,0,0,0.0,0.0,0.0,0.0,0.0,0.0,a,,,1.0,HUL,False,,1.0,0.0,0.0,0.0
429,Rashford,Man Utd,MUN,MID,7.0,1.4,0,0,0,0,0.0,0.0,0.0,0.0,0.0,0.0,a,,,1.0,HUL,False,,1.0,0.0,0.0,0.0
433,Ugarte,Man Utd,MUN,MID,5.0,0.0,38,876,0,0,0.0,1.7,29.8,167.2,83.6,48.0,i,Knee injury - Unknown return date,0.0,0.0,HUL,False,,1.0,6.470000000000001,0.0,0.0
292,Ömür,Hull City,HUL,MID,5.0,0.0,0,0,0,0,0.0,0.0,0.0,0.0,0.0,0.0,a,,,1.0,MUN,True,,1.0,0.0,0.0,0.0
293,Kamara,Hull City,HUL,MID,5.0,0.0,0,0,0,0,0.0,0.0,0.0,0.0,0.0,0.0,a,,,1.0,MUN,True,,1.0,0.0,0.0,0.0
294,Zambrano,Hull City,HUL,MID,4.5,0.4,0,0,0,0,0.0,0.0,0.0,0.0,0.0,0.0,i,Thigh injury - Unknown return date,0.0,0.0,MUN,True,,1.0,0.0,0.0,0.0
295,McBurnie,Hull City,HUL,FWD,5.5,1.7,0,0,0,0,0.0,0.0,0.0,0.0,0.0,0.0,a,,,1.0,MUN,True,,1.0,0.0,0.0,0.0
296,Akintola,Hull City,HUL,MID,5.0,0.0,0,0,0,0,0.0,0.0,0.0,0.0,0.0,0.0,a,,,1.0,MUN,True,,1.0,0.0,0.0,0.0
297,Gyabi,Hull City,HUL,MID,4.5,0.1,0,0,0,0,0.0,0.0,0.0,0.0,0.0,0.0,i,Thigh injury - Unknown return date,0.0,0.0,MUN,True,,1.0,0.0,0.0,0.0
298,Destan,Hull City,HUL,FWD,4.5,2.5,0,0,0,0,0.0,0.0,0.0,0.0,0.0,0.0,a,,,1.0,MUN,True,,1.0,0.0,0.0,0.0
299,Burstow,Hull City,HUL,FWD,4.5,0.5,0,0,0,0,0.0,0.0,0.0,0.0,0.0,0.0,u,Has joined Sheffield Wednesday on loan for the rest of the season,0.0,0.0,MUN,True,,1.0,0.0,0.0,0.0
556,Targett,Hull City,HUL,DEF,4.0,2.8,0,0,0,0,0.0,0.0,0.0,0.0,0.0,0.0,a,,,1.0,MUN,True,,1.0,0.0,0.0,0.0
563,Morita,Hull City,HUL,MID,5.0,0.1,0,0,0,0,0.0,0.0,0.0,0.0,0.0,0.0,a,,,1.0,MUN,True,,1.0,0.0,0.0,0.0
572,Tzolakis,Hull City,HUL,GKP,4.5,0.2,0,0,0,0,0.0,0.0,0.0,0.0,0.0,0.0,a,,,1.0,MUN,True,,1.0,0.0,0.0,0.0
300,Walton,Ipswich Town,IPS,GKP,4.5,0.6,0,0,0,0,0.0,0.0,0.0,0.0,0.0,0.0,a,,,1.0,SUN,True,,1.0,0.0,0.0,0.0
301,Palmer,Ipswich Town,IPS,GKP,4.0,5.9,0,0,0,0,0.0,0.0,0.0,0.0,0.0,0.0,a,,,1.0,SUN,True,,1.0,0.0,0.0,0.0
302,Button,Ipswich Town,IPS,GKP,4.0,0.5,0,0,0,0,0.0,0.0,0.0,0.0,0.0,0.0,a,,,1.0,SUN,True,,1.0,0.0,0.0,0.0
303,Kipré,Ipswich Town,IPS,DEF,4.0,0.4,0,0,0,0,0.0,0.0,0.0,0.0,0.0,0.0,a,,,1.0,SUN,True,,1.0,0.0,0.0,0.0
436,Collyer,Man Utd,MUN,MID,5.0,0.0,0,0,0,0,0.0,0.0,0.0,0.0,0.0,0.0,a,,,1.0,HUL,False,,1.0,0.0,0.0,0.0
441,Obi,Man Utd,MUN,FWD,4.5,1.2,0,0,0,0,0.0,0.0,0.0,0.0,0.0,0.0,a,,,1.0,HUL,False,,1.0,0.0,0.0,0.0
443,Gillespie,Newcastle,NEW,GKP,4.5,0.0,0,0,0,0,0.0,0.0,0.0,0.0,0.0,0.0,a,,,1.0,LIV,True,,1.0,0.0,0.0,0.0
444,Jaouen,Newcastle,NEW,GKP,4.5,0.1,0,0,0,0,0.0,0.0,0.0,0.0,0.0,0.0,a,,,1.0,LIV,True,,1.0,0.0,0.0,0.0
75,Christie,Bournemouth,BOU,MID,5.0,0.0,47,978,2,1,0.0,1.8,64.7,226.6,197.0,220.0,s,Suspended until 29 Aug,0.0,0.0,MCI,False,,1.0,13.48,0.0,0.0
78,Kroupi.Jr,Bournemouth,BOU,MID,7.5,3.9,113,1663,13,0,0.0,3.4,139.9,532.2,306.9,563.0,i,Foot injury - Unknown return date,0.0,0.0,MCI,False,,1.0,29.000000000000004,0.0,0.0
81,Rodríguez,Bournemouth,BOU,FWD,6.0,0.3,0,0,0,0,0.0,0.0,0.0,0.0,0.0,0.0,a,,,1.0,MCI,False,,1.0,0.0,0.0,0.0
566,Silva,Bournemouth,BOU,DEF,5.0,0.2,0,0,0,0,0.0,0.0,0.0,0.0,0.0,0.0,a,,,1.0,MCI,False,,1.0,0.0,0.0,0.0
573,Sanchez,Bournemouth,BOU,DEF,4.5,0.1,0,0,0,0,0.0,0.0,0.0,0.0,0.0,0.0,a,,,1.0,MCI,False,,1.0,0.0,0.0,0.0
459,L.Miley,Newcastle,NEW,MID,5.5,0.0,72,1493,1,4,0.0,3.1,73.0,342.6,251.4,136.0,i,Leg injury - Expected back 30 Aug,0.0,0.0,LIV,True,,1.0,15.530000000000001,0.0,0.0
461,Touré,Newcastle,NEW,MID,6.0,0.2,0,0,0,0,0.0,0.0,0.0,0.0,0.0,0.0,a,,,1.0,LIV,True,,1.0,0.0,0.0,0.0
462,Steur,Newcastle,NEW,MID,5.0,0.1,0,0,0,0,0.0,0.0,0.0,0.0,0.0,0.0,a,,,1.0,LIV,True,,1.0,0.0,0.0,0.0
559,Bamba,Newcastle,NEW,MID,5.0,0.1,0,0,0,0,0.0,0.0,0.0,0.0,0.0,0.0,a,,,1.0,LIV,True,,1.0,0.0,0.0,0.0
567,Horníček,Newcastle,NEW,GKP,5.0,0.3,0,0,0,0,0.0,0.0,0.0,0.0,0.0,0.0,a,,,1.0,LIV,True,,1.0,0.0,0.0,0.0
58,Forster,Bournemouth,BOU,GKP,4.0,3.1,0,0,0,0,0.0,0.0,0.0,0.0,0.0,0.0,a,,,1.0,MCI,False,,1.0,0.0,0.0,0.0
59,Dennis,Bournemouth,BOU,GKP,4.0,0.2,0,0,0,0,0.0,0.0,0.0,0.0,0.0,0.0,a,,,1.0,MCI,False,,1.0,0.0,0.0,0.0
63,Milosavljević,Bournemouth,BOU,DEF,5.0,0.1,19,367,0,0,0.0,2.7,12.2,98.4,13.9,10.0,i,Unspecified injury - Unknown return date,0.0,0.0,MCI,False,,1.0,3.25,0.0,0.0
176,Dasilva,Coventry City,COV,DEF,4.0,0.6,0,0,0,0,0.0,0.0,0.0,0.0,0.0,0.0,a,,,1.0,ARS,False,,1.0,0.0,0.0,0.0
177,Kesler-Hayden,Coventry City,COV,DEF,4.0,0.1,0,0,0,0,0.0,0.0,0.0,0.0,0.0,0.0,a,,,1.0,ARS,False,,1.0,0.0,0.0,0.0
178,Bidwell,Coventry City,COV,DEF,4.0,0.1,0,0,0,0,0.0,0.0,0.0,0.0,0.0,0.0,a,,,1.0,ARS,False,,1.0,0.0,0.0,0.0
179,Latibeaudiere,Coventry City,COV,DEF,4.0,0.1,0,0,0,0,0.0,0.0,0.0,0.0,0.0,0.0,a,,,1.0,ARS,False,,1.0,0.0,0.0,0.0
180,Woolfenden,Coventry City,COV,DEF,4.0,0.2,0,0,0,0,0.0,0.0,0.0,0.0,0.0,0.0,a,,,1.0,ARS,False,,1.0,0.0,0.0,0.0
181,Brau,Coventry City,COV,DEF,4.0,0.1,0,0,0,0,0.0,0.0,0.0,0.0,0.0,0.0,a,,,1.0,ARS,False,,1.0,0.0,0.0,0.0
182,Amenda,Coventry City,COV,DEF,4.0,0.6,0,0,0,0,0.0,0.0,0.0,0.0,0.0,0.0,a,,,1.0,ARS,False,,1.0,0.0,0.0,0.0
183,Rudoni,Coventry City,COV,MID,5.0,0.3,0,0,0,0,0.0,0.0,0.0,0.0,0.0,0.0,d,Shoulder injury - 75% chance of playing,75.0,0.75,ARS,False,,1.0,0.0,0.0,0.0
184,Grimes,Coventry City,COV,MID,5.0,0.2,0,0,0,0,0.0,0.0,0.0,0.0,0.0,0.0,a,,,1.0,ARS,False,,1.0,0.0,0.0,0.0
185,Sakamoto,Coventry City,COV,MID,5.0,0.1,0,0,0,0,0.0,0.0,0.0,0.0,0.0,0.0,a,,,1.0,ARS,False,,1.0,0.0,0.0,0.0
186,Mason-Clark,Coventry City,COV,MID,5.5,0.3,0,0,0,0,0.0,0.0,0.0,0.0,0.0,0.0,a,,,1.0,ARS,False,,1.0,0.0,0.0,0.0
187,Eccles,Coventry City,COV,MID,5.0,0.0,0,0,0,0,0.0,0.0,0.0,0.0,0.0,0.0,a,,,1.0,ARS,False,,1.0,0.0,0.0,0.0
188,Torp,Coventry City,COV,MID,5.5,0.2,0,0,0,0,0.0,0.0,0.0,0.0,0.0,0.0,a,,,1.0,ARS,False,,1.0,0.0,0.0,0.0
189,Shepherd,Coventry City,COV,MID,4.5,0.3,0,0,0,0,0.0,0.0,0.0,0.0,0.0,0.0,a,,,1.0,ARS,False,,1.0,0.0,0.0,0.0
65,J.Araujo,Bournemouth,BOU,DEF,4.5,0.1,0,0,0,0,0.0,0.0,0.0,0.0,0.0,0.0,i,Thigh injury - Unknown return date,0.0,0.0,MCI,False,,1.0,0.0,0.0,0.0
276,Lo-Tutala,Hull City,HUL,GKP,4.0,0.2,0,0,0,0,0.0,0.0,0.0,0.0,0.0,0.0,a,,,1.0,MUN,True,,1.0,0.0,0.0,0.0
277,Egan,Hull City,HUL,DEF,4.0,1.2,0,0,0,0,0.0,0.0,0.0,0.0,0.0,0.0,a,,,1.0,MUN,True,,1.0,0.0,0.0,0.0
278,Hughes,Hull City,HUL,DEF,4.0,0.9,0,0,0,0,0.0,0.0,0.0,0.0,0.0,0.0,i,Groin injury - Unknown return date,0.0,0.0,MUN,True,,1.0,0.0,0.0,0.0
279,Ajayi,Hull City,HUL,DEF,4.0,0.7,0,0,0,0,0.0,0.0,0.0,0.0,0.0,0.0,a,,,1.0,MUN,True,,1.0,0.0,0.0,0.0
280,Coyle,Hull City,HUL,DEF,4.0,0.5,0,0,0,0,0.0,0.0,0.0,0.0,0.0,0.0,a,,,1.0,MUN,True,,1.0,0.0,0.0,0.0
281,Drameh,Hull City,HUL,DEF,4.0,0.1,0,0,0,0,0.0,0.0,0.0,0.0,0.0,0.0,i,Hamstring injury - Expected back 29 Aug,0.0,0.0,MUN,True,,1.0,0.0,0.0,0.0
282,Giles,Hull City,HUL,DEF,4.0,0.7,0,0,0,0,0.0,0.0,0.0,0.0,0.0,0.0,a,,,1.0,MUN,True,,1.0,0.0,0.0,0.0
283,Jacob,Hull City,HUL,DEF,4.0,0.0,0,0,0,0,0.0,0.0,0.0,0.0,0.0,0.0,d,Hip injury - 75% chance of playing,75.0,0.75,MUN,True,,1.0,0.0,0.0,0.0
284,McCarthy,Hull City,HUL,DEF,4.0,0.1,0,0,0,0,0.0,0.0,0.0,0.0,0.0,0.0,a,,,1.0,MUN,True,,1.0,0.0,0.0,0.0
285,McNair,Hull City,HUL,DEF,4.0,0.1,0,0,0,0,0.0,0.0,0.0,0.0,0.0,0.0,a,,,1.0,MUN,True,,1.0,0.0,0.0,0.0
286,Belloumi,Hull City,HUL,MID,5.0,0.5,0,0,0,0,0.0,0.0,0.0,0.0,0.0,0.0,a,,,1.0,MUN,True,,1.0,0.0,0.0,0.0
287,Millar,Hull City,HUL,MID,5.0,0.1,0,0,0,0,0.0,0.0,0.0,0.0,0.0,0.0,a,,,1.0,MUN,True,,1.0,0.0,0.0,0.0
288,Dowell,Hull City,HUL,MID,4.5,0.5,0,0,0,0,0.0,0.0,0.0,0.0,0.0,0.0,a,,,1.0,MUN,True,,1.0,0.0,0.0,0.0
289,Crooks,Hull City,HUL,MID,4.5,0.7,0,0,0,0,0.0,0.0,0.0,0.0,0.0,0.0,a,,,1.0,MUN,True,,1.0,0.0,0.0,0.0
290,Slater,Hull City,HUL,MID,4.5,2.0,0,0,0,0,0.0,0.0,0.0,0.0,0.0,0.0,a,,,1.0,MUN,True,,1.0,0.0,0.0,0.0
291,Matazo,Hull City,HUL,MID,4.5,0.0,0,0,0,0,0.0,0.0,0.0,0.0,0.0,0.0,i,Knee injury - Unknown return date,0.0,0.0,MUN,True,,1.0,0.0,0.0,0.0
475,Savona,Nott'm Forest,NFO,DEF,4.5,0.0,39,1025,2,0,0.0,2.8,43.5,216.6,123.2,94.0,i,Knee injury - Unknown return date,0.0,0.0,LEE,True,,1.0,9.540000000000001,0.0,0.0
476,O.Richards,Nott'm Forest,NFO,DEF,4.0,0.2,0,0,0,0,0.0,0.0,0.0,0.0,0.0,0.0,a,,,1.0,LEE,True,,1.0,0.0,0.0,0.0
479,Bindon,Nott'm Forest,NFO,DEF,4.0,0.2,0,0,0,0,0.0,0.0,0.0,0.0,0.0,0.0,a,,,1.0,LEE,True,,1.0,0.0,0.0,0.0
558,Schlager,Nott'm Forest,NFO,MID,5.0,0.1,0,0,0,0,0.0,0.0,0.0,0.0,0.0,0.0,a,,,1.0,LEE,True,,1.0,0.0,0.0,0.0
495,Austin,Spurs,TOT,GKP,4.0,0.6,0,0,0,0,0.0,0.0,0.0,0.0,0.0,0.0,a,,,1.0,BRE,False,,1.0,0.0,0.0,0.0
39,Nedeljkovic,Aston Villa,AVL,DEF,4.0,0.6,0,0,0,0,0.0,0.0,0.0,0.0,0.0,0.0,a,,,1.0,BHA,False,,1.0,0.0,0.0,0.0
48,Onana,Aston Villa,AVL,MID,5.0,0.0,76,1755,2,0,0.0,3.0,74.4,413.2,152.6,178.0,i,Knee injury - Unknown return date,0.0,0.0,BHA,False,,1.0,15.780000000000003,0.0,0.0
110,Rushworth,Coventry City,COV,GKP,4.5,0.9,0,0,0,0,0.0,0.0,0.0,0.0,0.0,0.0,a,,,1.0,ARS,False,,1.0,0.0,0.0,0.0
171,Dovin,Coventry City,COV,GKP,4.0,2.6,0,0,0,0,0.0,0.0,0.0,0.0,0.0,0.0,a,,,1.0,ARS,False,,1.0,0.0,0.0,0.0
172,Wilson,Coventry City,COV,GKP,4.5,0.6,0,0,0,0,0.0,0.0,0.0,0.0,0.0,0.0,a,,,1.0,ARS,False,,1.0,0.0,0.0,0.0
173,Thomas,Coventry City,COV,DEF,4.0,8.7,0,0,0,0,0.0,0.0,0.0,0.0,0.0,0.0,a,,,1.0,ARS,False,,1.0,0.0,0.0,0.0
174,Kitching,Coventry City,COV,DEF,4.0,0.5,0,0,0,0,0.0,0.0,0.0,0.0,0.0,0.0,a,,,1.0,ARS,False,,1.0,0.0,0.0,0.0
175,van Ewijk,Coventry City,COV,DEF,4.0,15.8,0,0,0,0,0.0,0.0,0.0,0.0,0.0,0.0,a,,,1.0,ARS,False,,1.0,0.0,0.0,0.0
569,García,Fulham,FUL,FWD,6.0,1.5,0,0,0,0,0.0,0.0,0.0,0.0,0.0,0.0,a,,,1.0,CHE,True,,1.0,0.0,0.0,0.0
570,Palacios,Fulham,FUL,MID,5.5,0.1,0,0,0,0,0.0,0.0,0.0,0.0,0.0,0.0,a,,,1.0,CHE,True,,1.0,0.0,0.0,0.0
273,Phillips,Hull City,HUL,GKP,4.0,2.0,0,0,0,0,0.0,0.0,0.0,0.0,0.0,0.0,a,,,1.0,MUN,True,,1.0,0.0,0.0,0.0
274,Butland,Hull City,HUL,GKP,4.5,0.8,0,0,0,0,0.0,0.0,0.0,0.0,0.0,0.0,i,Arm injury - Unknown return date,0.0,0.0,MUN,True,,1.0,0.0,0.0,0.0
275,Cartwright,Hull City,HUL,GKP,4.0,0.1,0,0,0,0,0.0,0.0,0.0,0.0,0.0,0.0,u,Has joined Grimsby Town on loan for the rest of the season,0.0,0.0,MUN,True,,1.0,0.0,0.0,0.0
49,Iling Jr,Aston Villa,AVL,MID,5.0,0.0,0,0,0,0,0.0,0.0,0.0,0.0,0.0,0.0,a,,,1.0,BHA,False,,1.0,0.0,0.0,0.0
194,Thomas-Asante,Coventry City,COV,FWD,5.0,0.8,0,0,0,0,0.0,0.0,0.0,0.0,0.0,0.0,a,,,1.0,ARS,False,,1.0,0.0,0.0,0.0
195,Simms,Coventry City,COV,FWD,5.0,0.6,0,0,0,0,0.0,0.0,0.0,0.0,0.0,0.0,a,,,1.0,ARS,False,,1.0,0.0,0.0,0.0
196,Markelo,Coventry City,COV,FWD,5.0,0.1,0,0,0,0,0.0,0.0,0.0,0.0,0.0,0.0,a,,,1.0,ARS,False,,1.0,0.0,0.0,0.0
197,Bassette,Coventry City,COV,FWD,4.5,0.4,0,0,0,0,0.0,0.0,0.0,0.0,0.0,0.0,u,Has joined KVC Westerlo on loan for the rest of the season,0.0,0.0,ARS,False,,1.0,0.0,0.0,0.0
207,Mingueza,Crystal Palace,CRY,DEF,4.5,0.1,0,0,0,0,0.0,0.0,0.0,0.0,0.0,0.0,a,,,1.0,EVE,False,,1.0,0.0,0.0,0.0
217,M.França,Crystal Palace,CRY,MID,5.0,0.0,0,0,0,0,0.0,0.0,0.0,0.0,0.0,0.0,a,,,1.0,EVE,False,,1.0,0.0,0.0,0.0
218,Doucouré,Crystal Palace,CRY,MID,5.0,0.1,0,0,0,0,0.0,0.0,0.0,0.0,0.0,0.0,a,,,1.0,EVE,False,,1.0,0.0,0.0,0.0
219,J.Rak-Sakyi,Crystal Palace,CRY,MID,5.0,0.0,0,0,0,0,0.0,0.0,0.0,0.0,0.0,0.0,a,,,1.0,EVE,False,,1.0,0.0,0.0,0.0
530,Patterson,Sunderland,SUN,GKP,4.0,1.0,0,0,0,0,0.0,0.0,0.0,0.0,0.0,0.0,a,,,1.0,IPS,False,,1.0,0.0,0.0,0.0
6,Saliba,Arsenal,ARS,DEF,6.0,0.5,137,2614,1,0,0.0,4.4,84.3,552.6,201.0,90.0,i,Back injury - Unknown return date,0.0,0.0,COV,True,,1.0,18.18,0.0,0.0
